{"world":"Survival","x":-84.94928863830216,"y":76.0,"z":-94.38274942796686,"pitch":8.696595,"yaw":219.62842}