{"world":"Survival","x":16337.633707542083,"y":57.5625,"z":8423.325668791058,"pitch":25.500027,"yaw":-204.75696}