{"world":"Survival","x":127.4292264144189,"y":76.0,"z":544.2335711995058,"pitch":11.100051,"yaw":-69.93228}