{"world":"Survival","x":126.5251432795189,"y":71.0,"z":506.32178439459676,"pitch":28.950031,"yaw":225.15001}