{"world":"Survival","x":126.26255062221692,"y":76.0,"z":545.2576100861708,"pitch":18.90005,"yaw":115.618}