{"world":"Survival","x":131.22750185084038,"y":76.0,"z":546.703798750147,"pitch":41.400135,"yaw":-258.33157}