{"world":"Survival","x":131.32692444462202,"y":74.57969854367613,"z":537.2053792597998,"pitch":24.340004,"yaw":190.15935}