{"world":"Survival","x":134.30000001192093,"y":76.91999998688698,"z":542.4158632532816,"pitch":43.51081,"yaw":262.52893}