{"world":"Survival","x":131.94952751465655,"y":76.0,"z":541.6804084224593,"pitch":37.99922,"yaw":188.96112}