{"world":"Survival","x":121.30207247813382,"y":74.0,"z":548.6999999880791,"pitch":46.07408,"yaw":99.193504}