{"world":"Survival","x":116.19632357884649,"y":70.0,"z":550.2135138908941,"pitch":-16.949957,"yaw":-8.881915}