{"world":"Survival","x":137.6410453908441,"y":72.0,"z":540.7122103043554,"pitch":16.9113,"yaw":293.68146}