{"world":"Survival","x":141.99994775144182,"y":70.0,"z":547.7715144871797,"pitch":24.340004,"yaw":190.15935}