{"world":"Survival","x":131.35498960879613,"y":77.02442408821369,"z":551.4158728139798,"pitch":54.534058,"yaw":14.986207}