{"world":"Survival","x":11833.768941533366,"y":66.16610926093821,"z":8744.609644273038,"pitch":1.0499868,"yaw":268.08472}