{"world":"Survival","x":129.01949045051373,"y":70.0,"z":557.4339892073542,"pitch":47.105225,"yaw":-64.33351}