{"world":"Survival","x":5115.3629081713825,"y":72.93752379186496,"z":24031.49993477006,"pitch":4.600043,"yaw":204.53839}