{"world":"Survival","x":129.0452488728849,"y":76.0,"z":544.4855585492128,"pitch":-2.0688674,"yaw":-167.0917}