{"world":"Survival","x":-7.448416627076606,"y":68.0,"z":611.7352995552178,"pitch":7.2346334,"yaw":264.45648}