{"world":"Survival","x":279.68374169156925,"y":68.0,"z":519.7762006978677,"pitch":19.626165,"yaw":-250.82146}