{"world":"Staff","x":1840.434556384073,"y":57.704934028236735,"z":-747.7008973095212,"pitch":23.713215,"yaw":46.92767}