{"world":"Survival","x":-20.31933688827771,"y":76.0,"z":498.4019816534064,"pitch":82.81024,"yaw":59.771683}