{"world":"Survival","x":126.26652687094398,"y":76.0,"z":543.6126803830474,"pitch":25.055971,"yaw":-336.6454}