{"world":"Survival","x":127.32375829604007,"y":76.0,"z":545.8759845777913,"pitch":26.355207,"yaw":295.32938}