{"world":"Survival","x":-110.69999998807907,"y":63.0,"z":680.1302678877917,"pitch":11.126126,"yaw":-185.97876}