{"world":"Survival","x":-56.2162325437931,"y":69.0,"z":696.6975937768757,"pitch":31.505035,"yaw":-181.27563}