{"world":"Survival","x":143.6244961344753,"y":70.0,"z":553.4354782279945,"pitch":17.622068,"yaw":-26.25409}