{"world":"Survival","x":-109.35694166012159,"y":63.0,"z":687.9076787423412,"pitch":9.502117,"yaw":-2.5707092}