{"world":"Survival","x":135.02636070820367,"y":76.5,"z":541.8769147920742,"pitch":40.35005,"yaw":-309.03687}