{"world":"Survival","x":129.52486977213368,"y":70.0,"z":542.5240655794559,"pitch":11.850083,"yaw":72.269745}