{"world":"Survival","x":150.918417145857,"y":70.5,"z":551.2836806576855,"pitch":10.200095,"yaw":-324.48132}