{"world":"Survival","x":158.10238327290767,"y":68.0,"z":554.7854930530198,"pitch":18.600027,"yaw":-274.68213}