{"world":"Survival","x":-9.070509010400304,"y":11.0,"z":1479.3446976545358,"pitch":2.2500107,"yaw":269.69202}