{"world":"Survival","x":45803.27451313802,"y":70.0,"z":29043.50749630786,"pitch":1.7999579,"yaw":-31.650192}