{"world":"Creative","x":-192.9081492480476,"y":86.59819977797116,"z":211.32019243189114,"pitch":9.746036,"yaw":101.71802}