{"world":"Survival","x":129.10708381456294,"y":70.0,"z":539.9891534379424,"pitch":-6.6541157,"yaw":187.47241}