{"world":"Survival","x":42.41540292723127,"y":101.11808210482887,"z":556.5376285189982,"pitch":23.100046,"yaw":-33.781937}