{"world":"Survival","x":12226.699999988079,"y":68.0,"z":4912.229637097013,"pitch":21.449997,"yaw":284.7001}