{"world":"Survival","x":45.062656280157874,"y":68.0,"z":555.5782183385511,"pitch":11.100038,"yaw":-59.13196}