{"world":"Survival","x":172.2435700912401,"y":74.74317126936853,"z":523.5111204236717,"pitch":12.300078,"yaw":-246.93225}