{"world":"Survival","x":115.24406601184636,"y":70.0,"z":548.4635274561525,"pitch":18.750042,"yaw":81.26811}