{"world":"Survival","x":21188.76150290668,"y":80.0,"z":17823.597444130282,"pitch":27.818003,"yaw":44.892365}