{"world":"Survival","x":30756.642784058535,"y":81.36813547579965,"z":36022.699923977576,"pitch":34.64993,"yaw":-165.95628}