{"world":"Survival","x":30747.69339672987,"y":115.18393332986673,"z":36030.445476878216,"pitch":70.64993,"yaw":-51.806274}