{"world":"Creative","x":-3.5731146776020863,"y":67.49389623719117,"z":-105.21619861413083,"pitch":6.5999465,"yaw":273.14975}