{"world":"Survival","x":-14.228959406586405,"y":93.75713004475983,"z":487.3951242980191,"pitch":49.645607,"yaw":315.4524}