{"world":"Survival","x":30640.773038710522,"y":72.80987251521056,"z":36014.97467055401,"pitch":2.5499277,"yaw":-329.60583}