{"world":"Survival","x":-1.5048567317178685,"y":92.74329435484786,"z":521.5768220128112,"pitch":10.94561,"yaw":125.252014}