{"world":"Survival","x":-126.21356224443156,"y":94.04780316399226,"z":570.3566754785188,"pitch":21.60004,"yaw":23.217463}