{"world":"Survival","x":12907.309382170766,"y":67.0,"z":50134.78271934174,"pitch":12.749943,"yaw":3.070459}