{"world":"Survival","x":125.93012942578363,"y":76.0,"z":546.8610381613859,"pitch":25.050081,"yaw":199.61781}