{"world":"Survival","x":124.32027895868849,"y":76.0,"z":545.4957518198023,"pitch":19.650042,"yaw":168.5681}