{"world":"Survival","x":19.30000001192093,"y":29.0,"z":634.3000000119209,"pitch":13.748368,"yaw":101.22568}