{"world":"Creative","x":-248.1227181044613,"y":82.9931355636394,"z":193.8727402032796,"pitch":9.499379,"yaw":-267.65527}