{"world":"Survival","x":38958.90866226318,"y":77.0,"z":22288.46841100823,"pitch":26.806133,"yaw":-141.58942}