{"world":"Creative","x":-196.76325545058768,"y":85.0,"z":201.41530632679476,"pitch":44.303288,"yaw":-4.744629}