{"world":"Creative","x":-237.33397012499034,"y":94.83337916237939,"z":199.9718947318278,"pitch":57.633522,"yaw":-218.05762}