{"world":"Survival","x":38975.874847188126,"y":75.0,"z":22293.803039062783,"pitch":5.58692,"yaw":-56.59543}