{"world":"Creative","x":-168.94107628180507,"y":66.13696287274317,"z":269.60818162823944,"pitch":90.0,"yaw":95.81741}