{"world":"Survival","x":170.87862691774495,"y":59.257468957628745,"z":176.31163011226985,"pitch":5.5869474,"yaw":75.14132}