{"world":"Creative","x":-169.3441788878177,"y":65.5,"z":269.7634391067472,"pitch":44.773438,"yaw":-38.863693}