{"world":"Survival","x":38949.83609244153,"y":71.0,"z":22282.137881686464,"pitch":5.1476626,"yaw":228.09253}