{"world":"Creative","x":-205.3970932386136,"y":74.93161053871832,"z":192.6110255219704,"pitch":28.080683,"yaw":340.10458}