{"world":"Survival","x":38959.398715338066,"y":77.0,"z":22289.14716982442,"pitch":15.34566,"yaw":-75.52771}