{"world":"Creative","x":-214.31615021382459,"y":87.6279818726183,"z":202.51542115890842,"pitch":71.728096,"yaw":-91.91406}