{"world":"Creative","x":-210.40045208058115,"y":76.50105942526238,"z":184.4083733382327,"pitch":3.9839692,"yaw":-37.346405}