{"world":"Creative","x":-198.26227877819537,"y":86.77710695274304,"z":155.33605678313532,"pitch":35.425095,"yaw":-168.54126}