{"world":"Creative","x":-197.34229666171845,"y":85.0,"z":196.67661257020566,"pitch":38.58708,"yaw":-183.88086}