{"world":"Survival","x":39001.93900903236,"y":84.0,"z":22277.24390908577,"pitch":15.052486,"yaw":-269.10046}