{"world":"Survival","x":38966.421658505344,"y":76.0,"z":22292.84232260272,"pitch":6.6114826,"yaw":-341.3296}