{"world":"Creative","x":-169.3441788878177,"y":65.5,"z":269.7634391067472,"pitch":75.721405,"yaw":-35.203167}