{"world":"Survival","x":97.01842567213899,"y":63.0,"z":326.42852265067324,"pitch":-10.499963,"yaw":-200.26971}