{"world":"Survival","x":128.5,"y":76.0,"z":544.5,"pitch":12.750047,"yaw":85.918076}