{"world":"Survival","x":21160.240336410025,"y":69.0,"z":17815.812841733386,"pitch":-20.699995,"yaw":287.93085}