{"world":"Survival","x":19170.515439210893,"y":71.0,"z":43554.27465844079,"pitch":-6.1501284,"yaw":153.90076}