{"world":"Survival","x":21181.580027599706,"y":86.0,"z":17820.553473742348,"pitch":6.551198,"yaw":-63.526222}