{"world":"Survival","x":7627.234060741621,"y":70.0,"z":16671.494207296953,"pitch":9.75,"yaw":-34.50009}