{"world":"Survival","x":21181.67905899061,"y":85.0,"z":17836.145359054288,"pitch":37.649963,"yaw":-106.269104}