{"world":"Survival","x":21183.029466250842,"y":86.0,"z":17824.552743802466,"pitch":7.500014,"yaw":113.03046}