{"world":"Survival","x":269.6496653018529,"y":102.91502919663925,"z":546.0571947780622,"pitch":30.150097,"yaw":53.068054}