{"world":"Survival","x":21182.93344366714,"y":86.0,"z":17825.75195937826,"pitch":-31.050005,"yaw":87.98054}