{"world":"Survival","x":21178.921859769318,"y":100.0,"z":17840.142755512912,"pitch":-16.649916,"yaw":1.1315918}