{"world":"Survival","x":12875.325930731451,"y":100.59509176996725,"z":44449.31002185001,"pitch":26.700006,"yaw":202.80006}