{"world":"Survival","x":21172.58724016122,"y":137.0,"z":17243.61388616737,"pitch":18.000053,"yaw":-28.012817}