{"world":"Survival","x":21211.447207862053,"y":83.40760119470784,"z":17415.571646959022,"pitch":14.849062,"yaw":191.45139}