{"world":"Survival","x":21184.217535889573,"y":79.5,"z":17818.4152945113,"pitch":11.0999975,"yaw":-19.568304}