{"world":"Survival","x":21181.96103260225,"y":90.5,"z":17836.283106349318,"pitch":-14.40002,"yaw":-218.01947}