{"world":"Survival","x":21181.50401114068,"y":85.0,"z":17837.23663716183,"pitch":49.906063,"yaw":40.40921}