{"world":"Survival","x":19194.379436988092,"y":63.0,"z":43421.91070460201,"pitch":6.25747,"yaw":-186.68591}