{"world":"Survival","x":70.82171766364003,"y":71.0,"z":513.7621232617935,"pitch":22.807417,"yaw":128.57996}