{"world":"Survival","x":19228.69999998808,"y":68.0,"z":7544.300000011921,"pitch":9.293632,"yaw":-270.01215}