{"world":"Survival","x":19228.69999998808,"y":69.0,"z":7543.300000011921,"pitch":-0.5762588,"yaw":-287.16644}