{"world":"Survival","x":30720.136372545978,"y":64.0,"z":35964.602174570166,"pitch":16.199936,"yaw":113.9156}