{"world":"Survival","x":30679.189341904003,"y":63.0,"z":36009.56641864011,"pitch":12.899784,"yaw":-162.44818}