{"world":"Survival","x":30668.552747429818,"y":68.5,"z":35991.704812827906,"pitch":15.300019,"yaw":323.2501}