{"world":"Survival","x":30687.35694665563,"y":60.0,"z":35970.67088640973,"pitch":4.649949,"yaw":177.81549}