{"world":"Survival","x":30665.595559158497,"y":66.0,"z":35988.07626338379,"pitch":24.150007,"yaw":-129.72931}