{"world":"Survival","x":30676.36205834014,"y":64.5,"z":36007.74897242167,"pitch":30.300095,"yaw":-275.5466}