{"world":"Survival","x":141.52249074008654,"y":70.0,"z":540.8186184526876,"pitch":10.200014,"yaw":13.918056}