{"world":"Survival","x":30678.834380508946,"y":64.0,"z":36007.01512390964,"pitch":15.600097,"yaw":-194.2468}