{"world":"Survival","x":30675.599033535967,"y":63.09375,"z":36009.98775274076,"pitch":28.949913,"yaw":-266.5498}