{"world":"Survival","x":30674.764437373153,"y":63.09375,"z":36010.11826486404,"pitch":22.650003,"yaw":-272.39697}