{"world":"Survival","x":30684.5,"y":64.02159847259522,"z":35974.5,"pitch":33.449986,"yaw":215.02454}