{"world":"Survival","x":30678.22462612955,"y":62.5,"z":36010.511317781195,"pitch":22.349968,"yaw":-110.37854}