{"world":"Survival","x":30674.762653009162,"y":63.09375,"z":36010.83860578433,"pitch":13.500113,"yaw":71.25305}