{"world":"Survival","x":30675.573384928513,"y":63.09375,"z":36010.65669357539,"pitch":17.70011,"yaw":-195.74663}