{"world":"Survival","x":30675.508529785162,"y":63.09375,"z":36010.820700589225,"pitch":26.09992,"yaw":-268.50012}