{"world":"Survival","x":31122.770810682767,"y":65.25220334025373,"z":31920.693666486695,"pitch":26.850084,"yaw":56.389828}