{"world":"Survival","x":30684.408520907844,"y":64.0,"z":35975.34012594171,"pitch":14.54995,"yaw":-88.734505}