{"world":"Survival","x":30672.34592826642,"y":64.0,"z":35987.472716118864,"pitch":11.249875,"yaw":258.17142}