{"world":"Survival","x":30675.599033535967,"y":63.09375,"z":36009.98775274076,"pitch":23.399918,"yaw":-271.19977}