{"world":"Survival","x":30811.001145511404,"y":14.0,"z":35889.418314603885,"pitch":14.400324,"yaw":133.26028}