{"world":"Survival","x":30674.864205064445,"y":63.09375,"z":36010.60517048797,"pitch":44.850132,"yaw":70.95309}