{"world":"Survival","x":41530.79721630229,"y":64.0,"z":21346.273766829556,"pitch":23.33032,"yaw":-67.48602}