{"world":"Survival","x":114.54909229291894,"y":68.0,"z":620.2679553424725,"pitch":17.100058,"yaw":14.96806}