{"world":"Survival","x":-305.163541027135,"y":62.0,"z":948.2556854627392,"pitch":19.19994,"yaw":171.86768}