{"world":"Survival","x":-327.5248086872938,"y":68.0,"z":942.422890865323,"pitch":6.299948,"yaw":28.61778}