{"world":"Creative","x":-371.89494712081756,"y":69.45034642788919,"z":-160.61361912640703,"pitch":54.242622,"yaw":-80.584625}