{"world":"Survival","x":-48.50171958045449,"y":70.0,"z":581.7778112514541,"pitch":11.999996,"yaw":215.81279}