{"world":"Survival","x":129.3952741297877,"y":76.0,"z":544.2868673885032,"pitch":12.299998,"yaw":-27.781837}