{"world":"Survival","x":79.69999998807907,"y":74.0,"z":726.3000000119209,"pitch":5.5499444,"yaw":225.71094}