{"world":"Survival","x":98.26851071271989,"y":72.0,"z":689.7086856473801,"pitch":8.849975,"yaw":336.41107}