{"world":"Survival","x":77.76359952099733,"y":74.0,"z":715.0378667378434,"pitch":30.000034,"yaw":127.762436}