{"world":"Survival","x":73.15350222901344,"y":75.0,"z":709.6902912951654,"pitch":19.350033,"yaw":127.462524}