{"world":"Survival","x":-3.628644782268458,"y":67.0,"z":573.3867613987763,"pitch":15.899988,"yaw":290.81262}