{"world":"Survival","x":190.1786693285936,"y":80.7531999805212,"z":697.2477020204756,"pitch":10.349991,"yaw":-10.684021}