{"world":"Survival","x":132.86056033723997,"y":76.0,"z":540.7089713049553,"pitch":26.9004,"yaw":-73.2583}