{"world":"Survival","x":300.1933671968103,"y":65.0,"z":424.4036529744179,"pitch":19.95002,"yaw":269.79117}