{"world":"Survival","x":301.8059229812317,"y":60.90363430749848,"z":405.1247416664927,"pitch":-4.350657,"yaw":190.88708}