{"world":"Survival","x":10265.317716380388,"y":62.0,"z":2280.1945637518106,"pitch":34.949993,"yaw":-171.44556}