{"world":"Survival","x":10262.731486377153,"y":63.0,"z":2280.865534670446,"pitch":37.499954,"yaw":12.455447}