{"world":"Survival","x":466.2519247154624,"y":68.0,"z":960.4928739031038,"pitch":35.550007,"yaw":266.81918}