{"world":"Survival","x":126.3987592347982,"y":76.0,"z":546.6557798719567,"pitch":25.79998,"yaw":-144.78146}