{"world":"Survival","x":10264.116130258493,"y":63.0,"z":2278.699999988079,"pitch":38.699997,"yaw":267.60547}