{"world":"Survival","x":10266.595884883583,"y":62.0,"z":2279.9542930583643,"pitch":30.6,"yaw":-283.49432}