{"world":"Survival","x":16333.470612537347,"y":63.0,"z":8429.270275044453,"pitch":12.300191,"yaw":186.29059}