{"world":"Survival","x":16339.699999988079,"y":57.5,"z":8424.23826616835,"pitch":16.800009,"yaw":152.99005}