{"world":"Staff","x":1834.0134267972005,"y":55.0,"z":-740.6334334966667,"pitch":41.2134,"yaw":68.521126}