{"world":"Staff","x":1843.8295615935567,"y":55.612337664052696,"z":-742.3000000119209,"pitch":37.38584,"yaw":-256.8267}