{"world":"Survival","x":128.30997638477834,"y":70.0,"z":541.911962377032,"pitch":35.85006,"yaw":267.1181}