{"world":"Survival","x":111.83932325845294,"y":69.0,"z":576.7150406181307,"pitch":0.44999975,"yaw":-13.232361}