{"world":"Survival","x":129.45799882813827,"y":70.0,"z":562.7612120915452,"pitch":15.000046,"yaw":318.118}