{"world":"Survival","x":178.30000001192093,"y":66.0,"z":326.5574225964046,"pitch":16.20019,"yaw":107.54764}