{"world":"Survival","x":125.36981348400599,"y":66.0,"z":459.2225243625555,"pitch":12.450055,"yaw":43.648727}