{"world":"Survival","x":112.8877213939162,"y":70.0,"z":540.8959922209265,"pitch":1.800019,"yaw":-89.13216}