{"world":"Survival","x":128.5,"y":76.0,"z":544.5,"pitch":1.3500128,"yaw":0.4500167}