{"world":"Survival","x":20984.622999494,"y":85.0,"z":37846.42299491166,"pitch":15.150031,"yaw":54.156433}