{"world":"Survival","x":20978.470719191533,"y":88.0,"z":37859.91030173032,"pitch":8.249966,"yaw":159.17139}