{"world":"Survival","x":46292.1448738749,"y":12.0,"z":23299.541892784426,"pitch":30.74955,"yaw":90.00044}