{"world":"Survival","x":30677.41039839276,"y":66.0,"z":36001.53402588215,"pitch":26.549822,"yaw":21.661743}