{"world":"Survival","x":30668.64374380526,"y":58.0,"z":35967.74156088723,"pitch":6.7499743,"yaw":95.82214}