{"world":"Survival","x":30688.69999998808,"y":60.0,"z":35965.30000001192,"pitch":-1.0181271,"yaw":38.500732}