{"world":"Survival","x":30680.318749945545,"y":66.0,"z":35998.39211726671,"pitch":26.699907,"yaw":-5.5988464}