{"world":"Survival","x":128.5,"y":76.0,"z":544.5,"pitch":14.100062,"yaw":254.36807}