{"world":"Survival","x":30687.533733516553,"y":64.0,"z":35976.30000001192,"pitch":34.64985,"yaw":189.61914}