{"world":"Survival","x":46321.30000001192,"y":68.0,"z":23299.69999998808,"pitch":88.34998,"yaw":50.549904}