{"world":"Survival","x":131.3604701966541,"y":76.0,"z":542.7353991353967,"pitch":23.423166,"yaw":53.470192}