{"world":"Survival","x":-93.5,"y":76.0,"z":-103.98976210549824,"pitch":40.08032,"yaw":124.64668}