{"world":"Survival","x":27932.032598911934,"y":61.0,"z":42202.07312591196,"pitch":15.034521,"yaw":12.60083}