{"world":"Survival","x":27934.30000001192,"y":61.0,"z":42208.34673520049,"pitch":15.849237,"yaw":-152.98758}