{"world":"Survival","x":27930.791221480253,"y":61.0,"z":42203.10734005888,"pitch":8.88101,"yaw":54.777763}