{"world":"Survival","x":253.243198972431,"y":78.0,"z":375.58016226910325,"pitch":29.349567,"yaw":-88.04019}