{"world":"Survival","x":128.5,"y":76.0,"z":544.5,"pitch":13.562786,"yaw":93.00051}