{"world":"Survival","x":27932.64621848362,"y":61.0,"z":42201.535050766724,"pitch":38.75883,"yaw":283.4664}