{"world":"Survival","x":27929.216373581763,"y":61.0,"z":42201.01540702539,"pitch":14.144458,"yaw":320.96838}