{"world":"Survival","x":27930.584274344437,"y":61.0,"z":42205.17672199806,"pitch":16.079542,"yaw":-59.586746}