{"world":"Survival","x":27932.22376598896,"y":61.0,"z":42202.49096856475,"pitch":20.25934,"yaw":306.30035}