{"world":"Survival","x":206.48033967480052,"y":63.0,"z":-193.41469228231406,"pitch":14.220801,"yaw":-108.05646}