{"world":"Survival","x":27932.119544946418,"y":61.0,"z":42202.03376842346,"pitch":23.125744,"yaw":339.43042}