{"world":"Survival","x":27932.72674919809,"y":61.875,"z":42200.344085771816,"pitch":19.44676,"yaw":13.820068}