{"world":"Survival","x":27932.304692428297,"y":61.0,"z":42202.0144723061,"pitch":23.587753,"yaw":2.727478}