{"world":"Survival","x":27932.552410461616,"y":61.0,"z":42201.98955361708,"pitch":13.602606,"yaw":12.950012}