{"world":"Survival","x":29.201849677633746,"y":77.56693483592966,"z":289.86825749619953,"pitch":-78.39216,"yaw":275.94177}