{"world":"Survival","x":446.22708895967514,"y":72.32151342322716,"z":507.25246696303475,"pitch":20.715307,"yaw":-329.21783}