{"world":"Survival","x":179.2468582082818,"y":74.74473000419891,"z":513.8727157531165,"pitch":7.017461,"yaw":211.64253}