{"world":"Survival","x":197.97342716005906,"y":96.38229906306461,"z":376.85042901104975,"pitch":7.0614386,"yaw":-112.82376}