{"world":"Survival","x":165.1333367106342,"y":71.54331147797036,"z":354.75038302895825,"pitch":17.25657,"yaw":-164.09895}