{"world":"Survival","x":44.75868332874784,"y":112.00815101446493,"z":309.75322075250443,"pitch":-9.480463,"yaw":85.650444}