{"world":"Survival","x":224.62859963260846,"y":103.17224084604689,"z":369.75837813960374,"pitch":-16.505379,"yaw":-138.95117}