{"world":"Survival","x":305.6221599479393,"y":69.0377687903972,"z":486.88596525077725,"pitch":4.9356384,"yaw":-280.6418}