{"world":"Survival","x":169.53245317725904,"y":60.0,"z":418.4425948279145,"pitch":64.71621,"yaw":-90.43872}