{"world":"Survival","x":163.5476009170188,"y":59.0,"z":374.64710961173233,"pitch":38.07571,"yaw":0.56412125}