{"world":"Survival","x":169.50144411007744,"y":107.76227177830836,"z":338.9382975317759,"pitch":21.239172,"yaw":-45.58545}