{"world":"Survival","x":207.67638517581548,"y":75.95797150588288,"z":319.9636871060825,"pitch":16.263912,"yaw":-24.264343}