{"world":"Survival","x":171.91473180141148,"y":64.0,"z":407.5631429789645,"pitch":-68.1891,"yaw":-121.00476}