{"world":"Survival","x":163.58664978266097,"y":72.0,"z":317.591229644616,"pitch":29.771935,"yaw":-327.52924}