{"world":"Survival","x":5.32406877207617,"y":80.19243664001796,"z":603.1140199106305,"pitch":13.4138365,"yaw":-250.01727}