{"world":"Survival","x":140.0685797847044,"y":70.0,"z":551.7289143686564,"pitch":45.0312,"yaw":135.24106}