{"world":"Survival","x":128.37154282268298,"y":76.0,"z":546.357625711959,"pitch":-19.097223,"yaw":-109.991486}