{"world":"Survival","x":148.11899506940725,"y":70.0,"z":547.497298467941,"pitch":10.592278,"yaw":-126.09546}