{"world":"Survival","x":131.30855800873948,"y":76.0,"z":546.2954324645868,"pitch":31.350046,"yaw":23.21817}