{"world":"Survival","x":132.69999998807907,"y":76.0,"z":539.6178704477788,"pitch":40.650055,"yaw":281.66806}