{"world":"Survival","x":123.05943158623484,"y":77.5,"z":549.3303163106029,"pitch":34.65004,"yaw":100.76831}