{"world":"Survival","x":137.29427667223894,"y":72.5,"z":547.9557950843367,"pitch":6.2423115,"yaw":83.99461}