{"world":"Survival","x":156.01427952743072,"y":70.0,"z":541.6343898137472,"pitch":26.517519,"yaw":222.23457}