{"world":"Survival","x":127.7683762299153,"y":70.0,"z":519.6432897647273,"pitch":3.0000079,"yaw":78.449974}