{"world":"Creative","x":129.80668308517946,"y":82.48230286607809,"z":-33.61164838138146,"pitch":41.999794,"yaw":-342.61935}