{"world":"Survival","x":23546.30000001192,"y":72.0,"z":25711.30000001192,"pitch":16.350029,"yaw":-202.20033}