{"world":"Survival","x":119.37454342102399,"y":72.0,"z":540.722582052716,"pitch":37.11534,"yaw":84.69974}