{"world":"Survival","x":15.605782963537905,"y":70.0,"z":639.4395476002053,"pitch":26.549856,"yaw":-117.03283}