{"world":"Survival","x":17338.021965543805,"y":70.23152379758702,"z":36439.4003955327,"pitch":73.950005,"yaw":142.95004}