{"world":"Survival","x":132.70217424002834,"y":70.0,"z":560.4614498938,"pitch":-6.594658,"yaw":-178.78632}