{"world":"Survival","x":127.35611465286817,"y":76.0,"z":543.8311959046162,"pitch":59.55,"yaw":37.468075}