{"world":"Survival","x":96.55175312503417,"y":70.0,"z":288.69336870825794,"pitch":31.443459,"yaw":143.24771}