{"world":"Survival","x":126.37824930783691,"y":76.0,"z":547.4547511388115,"pitch":33.73616,"yaw":81.524475}