{"world":"Survival","x":138.25857967346974,"y":73.0,"z":811.452667096673,"pitch":35.999847,"yaw":-90.18297}