{"world":"Survival","x":106.04396689940921,"y":61.0,"z":768.5949314987278,"pitch":9.900093,"yaw":-174.48749}