{"world":"Survival","x":22746.607989540793,"y":68.0,"z":19426.435276211425,"pitch":2.549993,"yaw":359.5502}