{"world":"Survival","x":160.509292188253,"y":92.0,"z":797.6747246807947,"pitch":7.200083,"yaw":122.96272}