{"world":"Survival","x":22741.211508228906,"y":68.0,"z":19424.333707626873,"pitch":1.9499625,"yaw":-62.400238}