{"world":"Survival","x":55.69045626681586,"y":71.0,"z":621.1135486339089,"pitch":3.750033,"yaw":229.24182}