{"world":"Survival","x":30675.298089401123,"y":74.62591368869583,"z":36013.53241596792,"pitch":3.891893,"yaw":-189.28455}