{"world":"Survival","x":22751.754815138807,"y":69.0,"z":19429.899568097724,"pitch":5.5500145,"yaw":-123.74946}