{"world":"Survival","x":128.19166461351497,"y":80.0,"z":795.82015383921,"pitch":-2.9999185,"yaw":-236.73683}