{"world":"Survival","x":22743.597860979593,"y":68.0,"z":19423.131688110236,"pitch":-0.6002632,"yaw":320.84924}