{"world":"Survival","x":167.4356926448407,"y":64.0,"z":338.9759329024071,"pitch":6.299877,"yaw":-184.61087}