{"world":"Survival","x":22746.03193993283,"y":68.0,"z":19422.64818980023,"pitch":4.9497285,"yaw":-264.30048}