{"world":"Survival","x":24.365579478763994,"y":69.0,"z":573.6508131726317,"pitch":2.7000413,"yaw":-127.231964}