{"world":"Survival","x":142.92145069280969,"y":78.0,"z":797.3000000119209,"pitch":0.2111821,"yaw":202.4563}