{"world":"Survival","x":22744.5,"y":68.0,"z":19426.5,"pitch":33.600033,"yaw":4.0495496}