{"world":"Survival","x":22743.75050243694,"y":68.0,"z":19423.528124980035,"pitch":4.1999874,"yaw":268.80023}