{"world":"Survival","x":22752.928153363024,"y":69.0,"z":19411.916308184995,"pitch":-0.45002973,"yaw":42.29979}