{"world":"Survival","x":22745.438291952705,"y":68.0,"z":19434.703612595502,"pitch":1.0499965,"yaw":175.35022}