{"world":"Survival","x":86.6848021181948,"y":72.0,"z":514.082979504869,"pitch":8.249941,"yaw":-70.98215}