{"world":"Survival","x":22749.208293928994,"y":68.0,"z":19422.11564441145,"pitch":-0.5999019,"yaw":71.84709}