{"world":"Survival","x":108.6999999880791,"y":82.5,"z":679.1973722720796,"pitch":27.75006,"yaw":-199.72491}