{"world":"Survival","x":22744.569909137543,"y":68.0,"z":19432.508918645035,"pitch":-3.6239624E-6,"yaw":248.4002}