{"world":"Survival","x":-2.6463644559009802,"y":67.0,"z":574.3607489822664,"pitch":3.4500525,"yaw":318.7178}