{"world":"Survival","x":35556.38886840944,"y":62.9375,"z":32911.27477353411,"pitch":-6.2999444,"yaw":179.85114}