{"world":"Staff","x":1836.5,"y":55.0,"z":-743.5,"pitch":8.34767,"yaw":94.62746}