{"world":"Survival","x":22745.655867743804,"y":68.0,"z":19437.944556653245,"pitch":1.1999958,"yaw":175.65019}