{"world":"Survival","x":35523.44441015921,"y":79.0,"z":32941.46920021114,"pitch":6.749956,"yaw":-126.89949}