{"world":"Survival","x":177.0747396670847,"y":68.0,"z":490.72900172199707,"pitch":9.0000515,"yaw":333.11835}