{"world":"Survival","x":35550.65003658289,"y":64.0,"z":32878.20574465862,"pitch":2.5500326,"yaw":-9.449036}