{"world":"Survival","x":22745.874916951365,"y":68.0,"z":19424.27036076088,"pitch":1.9498601,"yaw":195.74603}