{"world":"Survival","x":22589.561309268604,"y":69.0,"z":19441.81509218492,"pitch":3.9000008,"yaw":232.04993}