{"world":"Survival","x":22747.39482190774,"y":68.0,"z":19424.378105666136,"pitch":4.949942,"yaw":56.400124}