{"world":"Survival","x":142.72382527171618,"y":69.0,"z":571.0162019253376,"pitch":4.200012,"yaw":44.51776}