{"world":"Survival","x":181.179817346929,"y":21.0,"z":-154.16707783780805,"pitch":4.8000484,"yaw":300.97015}