{"world":"Survival","x":22744.5,"y":68.0,"z":19426.5,"pitch":49.650097,"yaw":297.14728}