{"world":"Survival","x":22743.584065040224,"y":68.0,"z":19424.668600920504,"pitch":0.44998673,"yaw":69.00021}