{"world":"Survival","x":144.06651343092008,"y":70.0,"z":488.79517011832763,"pitch":5.250018,"yaw":30.718044}