{"world":"Survival","x":123.81741485733961,"y":69.0,"z":573.6077381676354,"pitch":2.7000713,"yaw":18.718445}