{"world":"Survival","x":22739.06479565708,"y":71.0,"z":19419.976801684064,"pitch":5.5499372,"yaw":244.95038}