{"world":"Survival","x":83.31317477171069,"y":70.0,"z":535.6880081961855,"pitch":4.800045,"yaw":144.56812}