{"world":"Survival","x":22745.5,"y":68.0,"z":19435.5,"pitch":3.899996,"yaw":185.85019}