{"world":"Survival","x":1497.297698754638,"y":71.0,"z":49584.73637553527,"pitch":3.9142551,"yaw":75.83719}