{"world":"Survival","x":22749.69999998808,"y":68.0,"z":19423.06075386606,"pitch":2.5499527,"yaw":84.450134}