{"world":"Survival","x":105.12084606208131,"y":70.0,"z":542.1660123250801,"pitch":0.60004646,"yaw":62.218056}