{"world":"Survival","x":30667.260815509628,"y":70.0,"z":35994.7249133869,"pitch":12.138596,"yaw":-60.835575}