{"world":"Survival","x":223.19676571343342,"y":72.0,"z":348.5046977078017,"pitch":5.850022,"yaw":168.26465}