{"world":"Survival","x":98.24161881735695,"y":70.0,"z":542.9395438661294,"pitch":3.6000447,"yaw":73.46777}