{"world":"Survival","x":167.28058619298122,"y":64.0,"z":340.8870128278843,"pitch":1.199875,"yaw":-183.71075}