{"world":"Survival","x":22755.400066041286,"y":69.0,"z":19428.54840466245,"pitch":3.2999923,"yaw":29.69986}