{"world":"Survival","x":157.0088444158921,"y":74.3643639846979,"z":431.48402779321714,"pitch":14.549924,"yaw":-180.86119}