{"world":"Survival","x":93.37995119837787,"y":71.0,"z":522.3904089191557,"pitch":2.8500533,"yaw":132.4182}