{"world":"Survival","x":22746.60252428612,"y":68.0,"z":19432.972316822335,"pitch":2.550013,"yaw":196.20087}