{"world":"Survival","x":47964.24559411281,"y":68.0,"z":12100.792165526613,"pitch":11.699947,"yaw":-244.91028}