{"world":"Survival","x":22743.5,"y":68.0,"z":19423.5,"pitch":4.9499865,"yaw":194.85008}