{"world":"Survival","x":30663.46301535805,"y":66.0,"z":35990.05008556675,"pitch":4.9387016,"yaw":253.58847}