{"world":"Survival","x":123.20682146309997,"y":86.99246744615836,"z":496.8773643680488,"pitch":7.800083,"yaw":131.3251}