{"world":"Survival","x":130.41472555159913,"y":80.0,"z":796.4518107846841,"pitch":3.0000818,"yaw":-258.1868}