{"world":"Survival","x":217.0316795771215,"y":71.0,"z":343.8113317223394,"pitch":-17.400055,"yaw":266.4385}