{"world":"Survival","x":22752.90195309599,"y":84.73638417654632,"z":19421.476919504254,"pitch":25.77189,"yaw":88.2255}