{"world":"Survival","x":22745.5,"y":68.0,"z":19435.5,"pitch":9.149995,"yaw":58.650146}