{"world":"Survival","x":76.14859276203387,"y":71.0,"z":519.2934876068448,"pitch":-1.350061,"yaw":-69.481964}