{"world":"Survival","x":135.44904429561782,"y":85.70457944170809,"z":572.0424029591264,"pitch":-5.399887,"yaw":305.3677}