{"world":"Survival","x":-5.003532716650044,"y":68.0,"z":552.7703850814589,"pitch":7.5000577,"yaw":-29.88211}