{"world":"Survival","x":22754.437238466744,"y":69.0,"z":19422.77619634133,"pitch":4.4998517,"yaw":350.24585}