{"world":"Survival","x":12745.930495506997,"y":69.0,"z":6074.768196415574,"pitch":-2.9999704,"yaw":211.36058}