{"world":"Survival","x":22741.61221534852,"y":68.0,"z":19423.57864432256,"pitch":3.7499378,"yaw":267.15057}