{"world":"Survival","x":100.73235036188163,"y":69.0,"z":578.9169645048397,"pitch":5.100003,"yaw":170.96729}