{"world":"Survival","x":219.1229757151807,"y":72.0,"z":368.1117865036733,"pitch":1.5285046,"yaw":104.74707}