{"world":"Survival","x":210.83308845881132,"y":75.0,"z":308.50562623853284,"pitch":1.0498347,"yaw":-277.91058}