{"world":"Survival","x":201.1327975107953,"y":64.0,"z":419.08093848614175,"pitch":3.449905,"yaw":-199.61089}