{"world":"Survival","x":126.74957519342726,"y":70.0,"z":513.9997555932894,"pitch":7.350045,"yaw":337.76843}