{"world":"Survival","x":17.13393958897473,"y":68.0,"z":561.2590242169274,"pitch":8.850069,"yaw":254.21863}