{"world":"Survival","x":57.46240313204361,"y":82.47577754559181,"z":555.3828957508429,"pitch":3.9000046,"yaw":252.56816}