{"world":"Survival","x":187.23099395303092,"y":64.0,"z":354.96997620052286,"pitch":5.8500094,"yaw":132.56339}