{"world":"Survival","x":123.72765086108888,"y":69.0,"z":580.9293717228959,"pitch":-1.6499237,"yaw":14.968295}