{"world":"Survival","x":22744.997438561728,"y":68.0,"z":19418.754664125838,"pitch":7.1999936,"yaw":-176.69958}