{"world":"Survival","x":22744.569909137543,"y":68.0,"z":19432.508918645035,"pitch":-1.8000035,"yaw":267.15015}