{"world":"Survival","x":35520.38772073546,"y":70.0,"z":32962.58978684499,"pitch":9.600085,"yaw":303.29968}