{"world":"Survival","x":124.66510328609047,"y":70.0,"z":511.49522618191526,"pitch":2.250045,"yaw":267.1184}