{"world":"Survival","x":22741.61221534852,"y":68.0,"z":19423.57864432256,"pitch":-3.4500628,"yaw":250.20052}