{"world":"Survival","x":175.61190502101857,"y":96.09392421491343,"z":331.45758730214476,"pitch":13.049925,"yaw":292.83594}