{"world":"Staff","x":1836.5,"y":55.0,"z":-743.5,"pitch":2.1000023,"yaw":88.202835}