{"world":"Survival","x":114.3339847983991,"y":66.0,"z":413.00366860033694,"pitch":5.7000136,"yaw":283.4682}