{"world":"Survival","x":96.73588547101802,"y":70.0,"z":546.055994163608,"pitch":4.350044,"yaw":108.41809}