{"world":"Survival","x":22739.623911632545,"y":68.0,"z":19427.89173339507,"pitch":4.199942,"yaw":-64.350075}