{"world":"Survival","x":22746.667211715147,"y":68.0,"z":19421.228311435545,"pitch":0.45004746,"yaw":355.05075}