{"world":"Survival","x":22746.03193993283,"y":68.0,"z":19422.64818980023,"pitch":5.5497284,"yaw":-276.90048}