{"world":"Survival","x":115.03224170573499,"y":72.0,"z":508.752711815371,"pitch":2.5500348,"yaw":-268.05002}