{"world":"Survival","x":107.09876759657445,"y":72.0,"z":713.2889480118034,"pitch":10.950028,"yaw":110.2926}