{"world":"Survival","x":47951.2325471638,"y":74.0,"z":11941.422896269649,"pitch":10.2000065,"yaw":26.999987}