{"world":"Survival","x":22756.008875729447,"y":69.0,"z":19427.029316277425,"pitch":3.90007,"yaw":160.64705}