{"world":"Survival","x":35558.123170893545,"y":63.0,"z":32905.77728814674,"pitch":7.8001,"yaw":58.200714}