{"world":"Survival","x":12781.5477242245,"y":74.0,"z":6076.559845337715,"pitch":4.8000317,"yaw":-223.9393}