{"world":"Survival","x":119.14869124437669,"y":77.41604869749168,"z":457.34174020761617,"pitch":-0.3000572,"yaw":209.8869}