{"world":"Survival","x":35569.49830337534,"y":63.0,"z":32905.823821304744,"pitch":8.100002,"yaw":8.853424}