{"world":"Survival","x":47968.960285572204,"y":68.0,"z":12089.962671238442,"pitch":3.7498648,"yaw":-181.75989}