{"world":"Survival","x":22745.813719296406,"y":68.0,"z":19424.028026822292,"pitch":1.950036,"yaw":134.54962}