{"world":"Survival","x":22748.003127873395,"y":68.0,"z":19421.631038741318,"pitch":-2.700013,"yaw":18.597168}