{"world":"Survival","x":30727.697586013117,"y":68.0,"z":36018.71067761895,"pitch":4.9387026,"yaw":104.31458}