{"world":"Survival","x":22745.5,"y":68.0,"z":19435.5,"pitch":-66.750015,"yaw":106.95013}