{"world":"Survival","x":156.36438095473335,"y":70.0,"z":543.5251569350545,"pitch":-0.749986,"yaw":-19.082235}