{"world":"Survival","x":22747.74283012858,"y":68.0,"z":19426.0449098176,"pitch":-8.250282,"yaw":106.19961}