{"world":"Survival","x":106.36551972887901,"y":69.0,"z":640.4661081381073,"pitch":9.600084,"yaw":286.24176}