{"world":"Survival","x":22739.623911632545,"y":68.0,"z":19427.89173339507,"pitch":2.9999418,"yaw":-86.70007}