{"world":"Survival","x":104.34016680960784,"y":69.0,"z":640.5404366432595,"pitch":7.05003,"yaw":169.1662}