{"world":"Survival","x":62.08529706104997,"y":71.0,"z":503.81862017685876,"pitch":2.700042,"yaw":324.86792}