{"world":"Survival","x":22745.5,"y":68.0,"z":19435.5,"pitch":10.349996,"yaw":310.50018}