{"world":"Survival","x":157.56860893958873,"y":64.0,"z":391.47441755423955,"pitch":2.5499442,"yaw":-163.53514}