{"world":"Survival","x":22745.5,"y":68.0,"z":19435.5,"pitch":-4.0500045,"yaw":112.35016}