{"world":"Survival","x":22747.048179854726,"y":68.0,"z":19421.389832896955,"pitch":5.2499733,"yaw":3.449463}