{"world":"Survival","x":92.71624871265531,"y":70.0,"z":545.4964051706482,"pitch":-1.6500014,"yaw":23.96582}