{"world":"Survival","x":22743.556523432027,"y":68.0,"z":19420.883294303985,"pitch":0.6000556,"yaw":286.9513}