{"world":"Survival","x":22745.346305939653,"y":68.0,"z":19417.159909224498,"pitch":1.7999974,"yaw":-95.24984}