{"world":"Survival","x":102.66325305596516,"y":70.0,"z":546.9195104549116,"pitch":-0.8999529,"yaw":102.86815}