{"world":"Survival","x":145.8199220855222,"y":70.0,"z":516.7876425603829,"pitch":6.6000576,"yaw":274.31873}