{"world":"Survival","x":22733.79099891855,"y":69.0,"z":19434.90990035455,"pitch":2.4000182,"yaw":231.30055}