{"world":"Survival","x":47954.22427875298,"y":74.0,"z":11940.182962594183,"pitch":6.150067,"yaw":11.703644}