{"world":"Survival","x":35607.63277968938,"y":65.0,"z":32925.5053162163,"pitch":7.200026,"yaw":68.85202}