{"world":"Survival","x":102.18774628073062,"y":72.0,"z":511.7614230971484,"pitch":3.1500337,"yaw":174.79169}