{"world":"Survival","x":113.9385968308124,"y":74.0,"z":714.0430040391466,"pitch":5.4000926,"yaw":178.4674}