{"world":"Survival","x":39761.02365785392,"y":69.0,"z":-71.64426121960004,"pitch":1.2456516,"yaw":30.341217}