{"world":"Survival","x":22744.117454150823,"y":68.0,"z":19421.385205779112,"pitch":2.6999595,"yaw":308.55127}