{"world":"Survival","x":22743.49029677151,"y":68.0,"z":19425.771247464963,"pitch":3.750007,"yaw":9.450684}