{"world":"Survival","x":157.3546953312779,"y":64.0,"z":356.55959155577136,"pitch":-1.5000134,"yaw":-137.28528}