{"world":"Survival","x":57.46240313204361,"y":80.96963612655313,"z":555.3828957508429,"pitch":3.9000046,"yaw":252.56816}