{"world":"Survival","x":22747.1881055267,"y":68.0,"z":19422.862646337624,"pitch":15.149796,"yaw":101.24945}