{"world":"Survival","x":22747.244579023212,"y":68.0,"z":19421.32729582925,"pitch":3.4499638,"yaw":29.848877}