{"world":"Survival","x":182.73358244040253,"y":85.29694210874204,"z":435.87518130634083,"pitch":9.1500435,"yaw":-337.95}