{"world":"Survival","x":56.14188344693507,"y":69.0,"z":550.5428677256212,"pitch":6.113769,"yaw":-143.35489}