{"world":"Survival","x":114.9694131544943,"y":72.0,"z":742.7508030442104,"pitch":1.6500815,"yaw":178.16675}