{"world":"Survival","x":127.12129024368969,"y":98.0,"z":490.73766950799325,"pitch":10.350005,"yaw":-0.70686466}