{"world":"Survival","x":30683.8908498635,"y":60.0,"z":35968.67662783231,"pitch":2.54188,"yaw":-269.83514}