{"world":"Survival","x":91.75797143021808,"y":70.0,"z":542.6961747860229,"pitch":3.6000473,"yaw":95.06809}