{"world":"Survival","x":104.57264980016078,"y":72.0,"z":519.2334009117382,"pitch":1.3499705,"yaw":184.91805}