{"world":"Survival","x":22744.5,"y":68.0,"z":19426.5,"pitch":38.999977,"yaw":-9.752815}