{"world":"Survival","x":35557.04542640866,"y":62.9375,"z":32906.77085859511,"pitch":4.500047,"yaw":-4.4989038}