{"world":"Survival","x":47948.5,"y":74.0,"z":11935.5,"pitch":-0.2998972,"yaw":235.35518}