{"world":"Survival","x":35606.897047864884,"y":65.9375,"z":32944.96867131223,"pitch":11.400106,"yaw":136.05112}