{"world":"Survival","x":22746.629677232933,"y":68.0,"z":19432.248521711994,"pitch":3.8999963,"yaw":12.300201}