{"world":"Survival","x":115.25229260999903,"y":69.0,"z":577.7032861399198,"pitch":3.7500126,"yaw":273.26846}