{"world":"Survival","x":37753.48349964473,"y":76.98705244248711,"z":40322.287403365444,"pitch":32.699963,"yaw":149.99698}