{"world":"Survival","x":242.39689578942895,"y":119.5,"z":354.6407491464376,"pitch":11.700023,"yaw":338.28674}