{"world":"Survival","x":22746.185281469498,"y":68.0,"z":19414.78358595942,"pitch":-56.850037,"yaw":264.14685}