{"world":"Survival","x":22744.920016887758,"y":68.0,"z":19417.5416943865,"pitch":5.850036,"yaw":-172.20042}