{"world":"Survival","x":31.446631700134827,"y":68.0,"z":510.4486051696556,"pitch":4.800086,"yaw":348.4182}