{"world":"Survival","x":22746.73133130185,"y":68.0,"z":19426.81158671678,"pitch":1.8000023,"yaw":14.550396}