{"world":"Survival","x":135.58376054612575,"y":69.0,"z":666.6214525734426,"pitch":2.5500205,"yaw":183.34918}