{"world":"Survival","x":26.016637792370535,"y":64.0,"z":1511.4578558128155,"pitch":4.9500113,"yaw":38.242516}