{"world":"Survival","x":88.60416567026336,"y":72.0,"z":514.2852222841237,"pitch":7.9499416,"yaw":-74.732155}