{"world":"Survival","x":109.30000001192093,"y":73.5,"z":544.168135850635,"pitch":3.0000007,"yaw":-188.06361}