{"world":"Survival","x":12473.300000011921,"y":92.0,"z":6066.966400793908,"pitch":7.20004,"yaw":-201.74536}