{"world":"Survival","x":22745.733905088993,"y":68.0,"z":19424.64053927005,"pitch":-18.300045,"yaw":88.95042}