{"world":"Survival","x":35554.15678780702,"y":71.0,"z":32952.11624512639,"pitch":6.150289,"yaw":189.30258}