{"world":"Staff","x":1844.9806476802678,"y":55.0,"z":-743.2542980554455,"pitch":14.850002,"yaw":-28.647099}