{"world":"Survival","x":45.04705659241465,"y":93.0,"z":509.3405022976393,"pitch":32.250004,"yaw":-0.631883}