{"world":"Creative","x":-62.330852925257744,"y":65.0,"z":-45.98540555311523,"pitch":39.3,"yaw":346.64993}