{"world":"Staff","x":1844.0845252028737,"y":55.661239866101624,"z":-744.6999999880791,"pitch":18.150003,"yaw":-22.497437}