{"world":"Survival","x":18.185257549777322,"y":95.0,"z":467.46948715989754,"pitch":40.94997,"yaw":95.9679}