{"world":"Survival","x":137.65276762438913,"y":77.0,"z":806.9471770849882,"pitch":39.449997,"yaw":55.363594}