{"world":"Survival","x":924.2791245058626,"y":90.51174014269671,"z":463.096958872586,"pitch":41.70001,"yaw":-230.8848}