{"world":"Survival","x":22752.18674490814,"y":73.03887587716035,"z":19411.687126177978,"pitch":22.200003,"yaw":80.55239}