{"world":"Creative","x":-200.58314848501885,"y":77.75933188518302,"z":178.56637492247194,"pitch":9.299979,"yaw":291.55078}