{"world":"Survival","x":182.35595672710224,"y":80.0,"z":699.9472056432444,"pitch":15.749922,"yaw":135.88676}