{"world":"Survival","x":16762.99320919979,"y":70.0,"z":46189.15497391949,"pitch":19.049978,"yaw":-270.44998}