{"world":"Survival","x":21183.419790702384,"y":102.63156719972875,"z":17841.24985282855,"pitch":-63.749992,"yaw":319.88126}