{"world":"Survival","x":21180.96813962459,"y":102.5,"z":17861.9528940013,"pitch":0.7499893,"yaw":-61.56848}