{"world":"Survival","x":-603.6629997212902,"y":87.8760594909699,"z":378.6086225972994,"pitch":84.00002,"yaw":191.93265}