{"world":"Survival","x":31.60288503615601,"y":71.78944530658578,"z":693.3472743732261,"pitch":25.049969,"yaw":234.2681}