{"world":"Survival","x":-632.7481876869251,"y":69.86859856141189,"z":398.6595164719278,"pitch":8.850011,"yaw":124.88266}