{"world":"Creative","x":-174.6456247630845,"y":86.98796112346568,"z":209.50361542386867,"pitch":21.14243,"yaw":238.07793}