{"world":"Survival","x":12795.633652516095,"y":77.0,"z":14674.6470808797,"pitch":24.300001,"yaw":-254.40001}