{"world":"Survival","x":21182.130683274125,"y":100.38706620772595,"z":17815.903075704646,"pitch":58.799988,"yaw":-10.981018}