{"world":"Survival","x":108.6862196945539,"y":83.0,"z":679.2021933193537,"pitch":8.850081,"yaw":-353.73187}