{"world":"Survival","x":132.69999998807907,"y":70.0,"z":555.5878383303892,"pitch":17.700052,"yaw":-5.581853}