{"world":"Survival","x":132.26941085956582,"y":74.86083350763712,"z":646.5491610745023,"pitch":12.04035,"yaw":110.00368}