{"world":"Survival","x":20965.69999998808,"y":83.04955917332938,"z":37786.88603502988,"pitch":17.700005,"yaw":-94.792854}