{"world":"Survival","x":51.171424454015224,"y":77.24914557056921,"z":517.1521392219431,"pitch":57.750008,"yaw":-248.13187}