{"world":"Survival","x":21159.802348522677,"y":85.3193342491849,"z":17836.547930422676,"pitch":40.05,"yaw":-244.2301}