{"world":"Survival","x":37746.460416233575,"y":78.5271313744021,"z":40322.93731429555,"pitch":13.500055,"yaw":129.5975}