{"world":"Survival","x":478.2953085822444,"y":73.69695764060147,"z":967.4508226225985,"pitch":30.600006,"yaw":158.81934}