{"world":"Survival","x":621.3000000119209,"y":65.64197213251572,"z":358.8540944397941,"pitch":37.049995,"yaw":-255.7819}