{"world":"Survival","x":-657.8670908702235,"y":64.0,"z":533.638709856443,"pitch":12.610414,"yaw":152.7824}