{"world":"Survival","x":-11.526665621763259,"y":11.0,"z":1487.4056839325663,"pitch":32.24999,"yaw":-123.30766}