{"world":"Survival","x":30667.20160885698,"y":66.0,"z":35998.23161684744,"pitch":13.18055,"yaw":81.93725}