{"world":"Survival","x":0.21608419584656932,"y":69.0,"z":614.5844961296441,"pitch":23.849993,"yaw":-82.2352}