{"world":"Survival","x":30671.850701487514,"y":59.200000047683716,"z":35966.844959290276,"pitch":15.738602,"yaw":255.81444}