{"world":"Survival","x":21004.55102766168,"y":87.0,"z":37834.83607791219,"pitch":18.449999,"yaw":-82.942795}