{"world":"Survival","x":154.338946263875,"y":70.0,"z":547.3043362015279,"pitch":31.001366,"yaw":268.5363}