{"world":"Survival","x":0.2160841958465693,"y":69.0,"z":614.5844961296441,"pitch":23.849993,"yaw":-82.2352}