{"world":"Survival","x":121.57941076702076,"y":52.14509237441928,"z":358.8235441973556,"pitch":45.749973,"yaw":164.36699}