{"world":"Staff","x":1835.4543102679881,"y":55.0,"z":-753.7179895105603,"pitch":5.700021,"yaw":-274.67676}