{"world":"Survival","x":92.88312155972746,"y":74.4893777494091,"z":677.044144646856,"pitch":-11.999999,"yaw":40.618286}