{"world":"Survival","x":225.71848988862214,"y":83.45172768885848,"z":64.24765797992069,"pitch":19.499992,"yaw":-302.582}