{"world":"Survival","x":424.6168900071636,"y":65.7502424262578,"z":3871.699999988079,"pitch":70.65003,"yaw":282.41943}