{"world":"Survival","x":142.6168468425238,"y":77.77702338869551,"z":612.7043602575253,"pitch":1.3500053,"yaw":-171.63489}