{"world":"Survival","x":141.3111015469617,"y":74.25115308358373,"z":550.4751939318301,"pitch":22.02245,"yaw":226.58684}