{"world":"Survival","x":-621.8025015397219,"y":85.38355700166741,"z":391.9355103889812,"pitch":16.360428,"yaw":48.682648}