{"world":"Survival","x":-17.848859488566454,"y":14.11650136792814,"z":1484.5413258420667,"pitch":40.349995,"yaw":-201.30763}