{"world":"Survival","x":16750.1949987429,"y":84.48746692224015,"z":46164.542546765835,"pitch":-18.149998,"yaw":-304.0501}