{"world":"Survival","x":16370.300000011921,"y":67.0,"z":46516.593325863054,"pitch":90.0,"yaw":276.4502}