{"world":"Survival","x":-615.3000000119209,"y":70.53292827534491,"z":385.30000001192093,"pitch":17.55001,"yaw":133.28267}