{"world":"Survival","x":-17.848859488566454,"y":11.11650136792814,"z":1484.5413258420667,"pitch":8.849992,"yaw":-111.45766}