{"world":"Survival","x":37751.70697059529,"y":70.0,"z":40331.62024560029,"pitch":37.799965,"yaw":72.44696}