{"world":"Staff","x":1837.209954712225,"y":55.0,"z":-735.318679971811,"pitch":9.33799,"yaw":9.229919}