{"world":"Survival","x":930.938162096938,"y":90.51174014269671,"z":466.4850827532147,"pitch":58.050007,"yaw":-266.58475}