{"world":"Survival","x":-626.8689245210433,"y":78.81006523648313,"z":482.7410080344171,"pitch":18.599947,"yaw":-31.082489}