{"world":"Survival","x":37734.69823576382,"y":70.42499998163494,"z":40333.690331730824,"pitch":30.710762,"yaw":189.46887}