{"world":"Creative","x":-85.7458483987683,"y":66.74290563997927,"z":-212.5036263749868,"pitch":-43.05,"yaw":-285.59448}