{"world":"Survival","x":130.55162266629375,"y":69.0,"z":592.3019926026593,"pitch":-74.03753,"yaw":-99.64651}