{"world":"Survival","x":21008.671602231185,"y":89.0,"z":37831.502341678446,"pitch":-5.7000065,"yaw":88.80734}