{"world":"Survival","x":28769.560908734646,"y":74.44426322322957,"z":18262.29419769802,"pitch":85.95,"yaw":-174.4497}