{"world":"Survival","x":130.88863286971673,"y":69.0,"z":594.4333855432941,"pitch":30.288748,"yaw":-8.574819}