{"world":"Survival","x":-38.07749320814149,"y":69.71435635379173,"z":464.4824835217544,"pitch":-8.399998,"yaw":-357.3318}