{"world":"Survival","x":21182.894373501767,"y":112.50105971374668,"z":17843.864183805454,"pitch":43.19999,"yaw":164.63115}