{"world":"Survival","x":8.551910473801087,"y":-2.785073262686324,"z":314.7046445125674,"pitch":-11.850009,"yaw":-171.03166}