{"world":"Survival","x":220.29724848340229,"y":64.0,"z":578.7098067762939,"pitch":90.0,"yaw":291.48224}