{"world":"Survival","x":16746.930196415473,"y":84.48746692224015,"z":46163.50499525588,"pitch":-15.5999975,"yaw":-227.10013}