{"world":"Survival","x":181.86654652522233,"y":84.21937859443763,"z":722.7305824105581,"pitch":-6.7500777,"yaw":-7.813289}