{"world":"Survival","x":30650.69999998808,"y":59.200000047683716,"z":35997.11299181144,"pitch":30.28321,"yaw":77.813965}