{"world":"Survival","x":121.55384279756836,"y":52.04509236845881,"z":358.7034708272282,"pitch":45.749973,"yaw":164.36699}