{"world":"Survival","x":93.0288406841556,"y":95.65823304766812,"z":591.1858329755408,"pitch":26.250065,"yaw":-32.88189}