{"world":"Survival","x":37755.83265788863,"y":76.74269902186087,"z":40335.96505269935,"pitch":3.299979,"yaw":68.24722}