{"world":"Survival","x":28768.993815801754,"y":66.28982645098822,"z":18259.479242367066,"pitch":22.80001,"yaw":-297.8998}