{"world":"Survival","x":130.55162266629375,"y":69.0,"z":592.3019926026593,"pitch":-4.2016277,"yaw":-46.62825}