{"world":"Creative","x":-231.797181113664,"y":73.34170180416866,"z":201.60436830947063,"pitch":-64.949974,"yaw":170.9497}