{"world":"Survival","x":22808.593904432062,"y":100.48866854699513,"z":19502.90653761553,"pitch":32.999992,"yaw":127.80246}