{"world":"Survival","x":-658.3920082727972,"y":63.0,"z":532.5675962090647,"pitch":-25.789587,"yaw":107.182396}