{"world":"Survival","x":16370.300000011921,"y":72.73168042661682,"z":46516.69999998808,"pitch":57.74999,"yaw":207.0}