{"world":"Survival","x":37755.03228229695,"y":69.0,"z":40321.91649787959,"pitch":62.849976,"yaw":196.34692}