{"world":"Staff","x":1837.8654537961145,"y":55.318509388215695,"z":-732.0185644647396,"pitch":33.749996,"yaw":-61.07653}