{"world":"Survival","x":41.72241029593592,"y":101.25086989133776,"z":651.744423120921,"pitch":24.599943,"yaw":-262.66364}