{"world":"Survival","x":-204.13194016859097,"y":80.93650302272816,"z":595.8195303410915,"pitch":7.79998,"yaw":62.518}