{"world":"Survival","x":16333.21796962829,"y":79.52655209336227,"z":46593.52244562882,"pitch":8.249984,"yaw":66.74983}