{"world":"Survival","x":37753.39808966255,"y":71.48684888295212,"z":40322.820505638505,"pitch":8.850001,"yaw":-193.18102}