{"world":"Survival","x":106.55323227172542,"y":70.0,"z":664.0745065071756,"pitch":20.189278,"yaw":308.81494}