{"world":"Survival","x":30679.292174706,"y":66.0,"z":36001.6306609962,"pitch":10.94987,"yaw":166.05334}