{"world":"Survival","x":838.9472056123034,"y":92.87417557559418,"z":539.0435842596235,"pitch":28.71546,"yaw":-333.50076}