{"world":"Survival","x":126.39318870542584,"y":88.23388792438128,"z":527.260075559173,"pitch":36.90006,"yaw":0.41811454}