{"world":"Survival","x":133.0424706333445,"y":86.90833326202824,"z":638.3477344212044,"pitch":57.000004,"yaw":165.1195}