{"world":"Survival","x":110.30000001192093,"y":70.0,"z":549.6999999880791,"pitch":-16.45854,"yaw":196.84764}