{"world":"Survival","x":-247.45164562109284,"y":94.48899826418328,"z":584.1170073352574,"pitch":-1.4999963,"yaw":-52.981953}