{"world":"Survival","x":105.13316047112288,"y":70.0,"z":653.7512622118678,"pitch":63.450047,"yaw":155.96808}