{"world":"Survival","x":11.855593729538056,"y":111.02423141050411,"z":1486.6329715353195,"pitch":55.799973,"yaw":-33.48755}