{"world":"Survival","x":107.30000001192093,"y":70.0,"z":654.2300911722009,"pitch":6.0000367,"yaw":90.71806}