{"world":"Creative","x":-219.51427802121063,"y":71.34843788454229,"z":238.52391896843955,"pitch":9.299983,"yaw":-274.51025}