{"world":"Survival","x":-451.8714925481952,"y":83.53439883810971,"z":480.77935697706886,"pitch":17.399948,"yaw":-328.83243}