{"world":"Survival","x":118.77991179692587,"y":87.0,"z":555.9110870386859,"pitch":89.85,"yaw":272.21985}