{"world":"Survival","x":19.30000001192093,"y":32.704934028236735,"z":634.3000000119209,"pitch":33.89999,"yaw":-40.085552}