{"world":"Survival","x":153.24711646740553,"y":103.32369522051835,"z":544.6772471746818,"pitch":17.549992,"yaw":-126.182}