{"world":"Survival","x":21185.21979712496,"y":86.0,"z":17824.092516848454,"pitch":64.94996,"yaw":-166.2688}