{"world":"Survival","x":473.9859177307389,"y":87.31922762381969,"z":941.132292885091,"pitch":22.799997,"yaw":83.819305}