{"world":"Survival","x":21198.0083156719,"y":99.16918437497948,"z":17835.95186902822,"pitch":15.149987,"yaw":-304.23102}