{"world":"Survival","x":37755.835751697734,"y":72.90779718977033,"z":40328.51002113181,"pitch":37.350044,"yaw":178.04755}