{"world":"Survival","x":104.88968640211581,"y":74.38129636145328,"z":582.7591997641288,"pitch":35.550056,"yaw":170.21814}