{"world":"Survival","x":209.44262353679656,"y":101.91920498361483,"z":725.5402432583475,"pitch":17.399925,"yaw":-227.71326}