{"world":"Survival","x":109.67729805403546,"y":70.0,"z":655.4341293815684,"pitch":-17.100002,"yaw":325.76508}