{"world":"Survival","x":186.73049225555314,"y":78.0,"z":405.07300495338666,"pitch":3.8733282,"yaw":114.755264}