{"world":"Creative","x":-336.4542067114712,"y":151.16915036483545,"z":-56.56471989685599,"pitch":86.39998,"yaw":-173.85126}