{"world":"Survival","x":28598.535080031055,"y":74.93050451123717,"z":35996.86704043286,"pitch":38.549976,"yaw":52.499886}