{"world":"Creative","x":-203.75281506491044,"y":66.0,"z":232.18045833288346,"pitch":49.20007,"yaw":-0.75457764}