{"world":"Survival","x":130.70570649971148,"y":76.0,"z":544.1175915410583,"pitch":27.300026,"yaw":114.41804}