{"world":"Survival","x":37552.19073799333,"y":72.0,"z":40367.0298190313,"pitch":25.349993,"yaw":105.750015}