{"world":"Survival","x":175.2792436351647,"y":67.0,"z":582.9028211610873,"pitch":-23.456696,"yaw":-198.83478}