{"world":"Survival","x":17325.890146528727,"y":135.28481374765147,"z":28419.514947068354,"pitch":-4.499256,"yaw":11.862915}