{"world":"Survival","x":-35.757496343790855,"y":87.51992856173229,"z":503.77735513325536,"pitch":27.300028,"yaw":-80.06763}