{"world":"Survival","x":66.56687418928938,"y":80.4999975192762,"z":568.6202987208126,"pitch":-7.4999638,"yaw":193.46829}