{"world":"Survival","x":171.78864056000742,"y":67.0,"z":582.6171886055525,"pitch":3.4499934,"yaw":-132.98473}