{"world":"Survival","x":239.95498931565547,"y":75.5,"z":348.69999998807907,"pitch":19.020037,"yaw":256.22272}