{"world":"Creative","x":-61.07263308812886,"y":65.0,"z":-68.08075058139434,"pitch":23.74928,"yaw":-91.072266}