{"world":"Creative","x":-201.83178535480624,"y":70.91933100256676,"z":93.80348341610443,"pitch":1.78831,"yaw":-25.748377}