{"world":"Creative","x":-249.39502661877256,"y":78.18080297053719,"z":80.68185283763772,"pitch":5.9006767,"yaw":250.13031}