{"world":"Creative","x":-160.338481506562,"y":70.90760396124287,"z":42.10997378866954,"pitch":10.07556,"yaw":-254.8076}