{"world":"Survival","x":7.843824389642942,"y":94.0,"z":467.4725156617426,"pitch":31.872944,"yaw":266.59973}