{"world":"Creative","x":-278.5823524664336,"y":71.29994010251988,"z":-247.92557321031234,"pitch":14.334609,"yaw":-73.964355}