{"world":"Creative","x":-230.3116719999263,"y":69.6093786020665,"z":46.420192762995406,"pitch":14.804805,"yaw":-188.28918}