{"world":"Creative","x":-206.46715559346137,"y":81.99313560223517,"z":60.693685352621635,"pitch":24.920845,"yaw":199.31027}