{"world":"Creative","x":-171.8207107517643,"y":65.64230969302743,"z":122.65136092558711,"pitch":20.088627,"yaw":-41.318176}