{"world":"Creative","x":-263.96740158964076,"y":70.4813395560962,"z":-303.16083503799564,"pitch":8.063142,"yaw":-201.59644}