{"world":"Survival","x":-125.29323487068653,"y":73.0,"z":774.3000000119209,"pitch":-12.810898,"yaw":131.77126}