{"world":"Creative","x":72.80232956296146,"y":230.85352995920192,"z":-170.54743453741938,"pitch":44.24917,"yaw":-37.225586}