{"world":"Creative","x":9.545433972144043,"y":99.97349638062602,"z":-181.45348089605952,"pitch":57.515213,"yaw":-19.594933}