{"world":"Creative","x":-181.45722901429704,"y":87.36352894057208,"z":-7.680456308029445,"pitch":32.528687,"yaw":11.138062}