{"world":"Survival","x":-177.8622720524344,"y":64.0,"z":735.9505626580885,"pitch":21.116665,"yaw":70.33389}