{"world":"Creative","x":-222.11161058644933,"y":91.10580735063388,"z":56.09579651329075,"pitch":38.389084,"yaw":293.99915}