{"world":"Survival","x":127.54960180774121,"y":76.0,"z":543.8266714475446,"pitch":15.359261,"yaw":141.78271}