{"world":"Survival","x":-45.873152901359184,"y":63.0,"z":496.4255606194778,"pitch":47.088867,"yaw":-76.7289}