{"world":"Survival","x":128.5,"y":76.0,"z":544.5,"pitch":-12.4920845,"yaw":78.235664}