{"world":"Survival","x":39735.318248579955,"y":68.0,"z":-46.312441564709474,"pitch":24.404263,"yaw":-135.8361}