{"world":"Survival","x":39742.429521307546,"y":68.0,"z":-48.69211194573932,"pitch":12.655748,"yaw":-268.37213}