{"world":"Survival","x":128.44513398911968,"y":76.0,"z":544.4523837268854,"pitch":35.98743,"yaw":-76.62085}