{"world":"Survival","x":39743.5609431421,"y":68.0,"z":-49.50814677922938,"pitch":35.826378,"yaw":-294.40192}