{"world":"Survival","x":39732.3723489411,"y":68.875,"z":-48.78686648592872,"pitch":15.991025,"yaw":-63.637444}