{"world":"Survival","x":39733.976652183635,"y":68.0,"z":-49.78547740323175,"pitch":18.928137,"yaw":278.3743}