{"world":"Survival","x":39745.5,"y":68.0999984741211,"z":-48.5,"pitch":72.377266,"yaw":-32.761135}