{"world":"Survival","x":28844.04405105211,"y":64.0,"z":18207.08826060328,"pitch":12.149885,"yaw":164.10008}