{"world":"Survival","x":28771.033119471795,"y":64.0,"z":18262.85829998635,"pitch":63.149914,"yaw":86.84974}