{"world":"Creative","x":-202.6890809739833,"y":72.65482114530386,"z":-330.9125680530896,"pitch":29.495762,"yaw":-105.0751}