{"world":"Survival","x":13092.64198699535,"y":66.0,"z":44562.75424893396,"pitch":19.8,"yaw":239.24472}