{"world":"Survival","x":13089.24299723415,"y":66.0,"z":44562.95905670497,"pitch":14.850039,"yaw":114.14486}