{"world":"Survival","x":15170.073957117715,"y":80.0,"z":37695.134432359955,"pitch":15.220165,"yaw":-78.44584}