{"world":"Survival","x":21140.577973875665,"y":87.79400069684189,"z":17829.569700618744,"pitch":26.805584,"yaw":-39.482117}