{"world":"Survival","x":128.63213710944333,"y":76.0,"z":548.0605147539229,"pitch":25.292006,"yaw":331.05603}