{"world":"Survival","x":121.97926353370254,"y":70.0,"z":531.743515661378,"pitch":5.9089823,"yaw":224.87714}