{"world":"Survival","x":126.02243629109597,"y":75.5,"z":551.7598170102534,"pitch":30.749987,"yaw":96.56818}