{"world":"Survival","x":119.10712531294402,"y":70.0,"z":559.3386916018409,"pitch":55.199993,"yaw":14.518127}