{"world":"Survival","x":124.32526665443342,"y":71.16610926093821,"z":561.1436860605558,"pitch":11.699995,"yaw":-24.331873}