{"world":"Survival","x":126.80438764281496,"y":76.0,"z":540.9536961184563,"pitch":42.90004,"yaw":298.01816}