{"world":"Survival","x":120.1967514436067,"y":72.5,"z":547.3000000119209,"pitch":34.04998,"yaw":-216.9318}