{"world":"Survival","x":128.45793002438842,"y":76.0,"z":544.5560134454454,"pitch":25.199951,"yaw":51.448914}