{"world":"Survival","x":135.44748503040256,"y":69.0,"z":574.8612420512518,"pitch":2.8499856,"yaw":345.44867}