{"world":"Survival","x":124.48562542222963,"y":70.0,"z":564.674568404213,"pitch":23.669027,"yaw":259.57538}