{"world":"Survival","x":271.4167570874543,"y":66.0,"z":525.1535373301248,"pitch":29.664812,"yaw":63.783417}