{"world":"Survival","x":85.65333387634558,"y":73.11813933486765,"z":554.8008796309723,"pitch":47.080044,"yaw":269.6497}