{"world":"Survival","x":144.90461836200896,"y":69.0,"z":667.2502086341347,"pitch":78.48283,"yaw":138.17053}