{"world":"Survival","x":9.91095126789659,"y":94.07799403642773,"z":542.182523668566,"pitch":55.74487,"yaw":10.064819}