{"world":"Survival","x":108.2789267124566,"y":67.0,"z":682.3000000119209,"pitch":51.911964,"yaw":164.41565}