{"world":"Survival","x":20980.90208990711,"y":81.24313577178174,"z":37847.30000001192,"pitch":22.104902,"yaw":273.17435}