{"world":"Staff","x":1836.757140422833,"y":55.5,"z":-742.1851501224902,"pitch":0.0,"yaw":-57.61453}