{"world":"Survival","x":39724.462997709496,"y":64.0,"z":-23.66819033786117,"pitch":12.998197,"yaw":0.15001185}