{"world":"Survival","x":131.32396349590195,"y":71.66531265717973,"z":428.08777678208145,"pitch":27.724709,"yaw":-6.3054094}