{"world":"Survival","x":20963.138027028344,"y":90.63562804888537,"z":37854.24301919481,"pitch":27.559952,"yaw":69.53784}