{"world":"Survival","x":125.42445226511805,"y":76.0,"z":544.7852631459773,"pitch":84.758995,"yaw":49.296967}