{"world":"Survival","x":156.42222941296583,"y":70.0,"z":543.5860129089533,"pitch":-0.97664666,"yaw":137.35951}