{"world":"Creative","x":42.77396978764148,"y":65.0,"z":-202.47683301157682,"pitch":-81.58347,"yaw":-85.26999}