{"world":"Creative","x":45.01944212669312,"y":75.62605941672133,"z":-175.69595544994374,"pitch":29.964483,"yaw":77.274254}