{"world":"Survival","x":163.23246461247152,"y":69.0,"z":665.3000000119209,"pitch":26.625769,"yaw":278.3759}