{"world":"Survival","x":-12.887792517064296,"y":68.0,"z":617.8397771958939,"pitch":84.05801,"yaw":132.48013}