{"world":"Survival","x":126.0516764482652,"y":70.0,"z":669.4640173219414,"pitch":10.265944,"yaw":168.17735}