{"world":"Survival","x":128.5,"y":76.0,"z":544.5,"pitch":17.99115,"yaw":90.784805}