{"world":"Survival","x":3.6605230798509725,"y":76.0,"z":530.5154117406195,"pitch":28.486546,"yaw":96.06967}