{"world":"Survival","x":101.7763313017796,"y":71.0,"z":663.2007162366269,"pitch":20.500008,"yaw":-75.95183}