{"world":"Survival","x":136.64030367003744,"y":68.0,"z":617.0340659845654,"pitch":-26.91951,"yaw":189.64526}