{"world":"Survival","x":20968.263719894137,"y":67.61416513852981,"z":37846.94662709356,"pitch":79.23611,"yaw":228.78528}