{"world":"Survival","x":127.00338544913168,"y":76.0,"z":544.6756494992958,"pitch":31.239645,"yaw":111.68936}