{"world":"Survival","x":123.77669741233187,"y":76.06770446607499,"z":544.2443676617107,"pitch":18.36552,"yaw":94.590866}