{"world":"Survival","x":86.64140320886966,"y":86.16172747080394,"z":687.4621584133117,"pitch":70.03401,"yaw":4.7867327}