{"world":"Survival","x":86.25544184560859,"y":80.52893312516363,"z":688.0476301885471,"pitch":47.696808,"yaw":-6.132379}