{"world":"Staff","x":1836.090014350973,"y":55.5,"z":-745.3752416636538,"pitch":26.110306,"yaw":7.677846}