{"world":"Survival","x":9.91095126789659,"y":95.41358299308393,"z":542.182523668566,"pitch":55.74487,"yaw":10.064819}