{"world":"Survival","x":127.97173202818553,"y":76.0,"z":544.517343448832,"pitch":18.615097,"yaw":90.909615}