{"world":"Survival","x":125.26661798838208,"y":70.5,"z":534.1681784849333,"pitch":23.918653,"yaw":352.94583}