{"world":"Survival","x":131.02421022380778,"y":73.5,"z":534.828170308646,"pitch":20.247036,"yaw":115.384705}