{"world":"Survival","x":132.69999998807907,"y":76.0,"z":543.4661207454936,"pitch":43.864796,"yaw":334.35242}