{"world":"Survival","x":106.84108058518828,"y":72.17319996740818,"z":659.1295225862015,"pitch":0.0,"yaw":180.0}