{"world":"Survival","x":121.63997629454029,"y":76.9149204566708,"z":707.2042231202367,"pitch":62.624306,"yaw":8.098999}