{"world":"Survival","x":86.25544184560859,"y":84.43630429210157,"z":688.0476301885471,"pitch":47.696808,"yaw":-6.132379}