{"world":"Survival","x":4.76300230899734,"y":65.0,"z":572.7694001973305,"pitch":84.524376,"yaw":270.7975}