{"world":"Staff","x":1781.300000011921,"y":55.0,"z":-744.1072386987111,"pitch":4.6269755,"yaw":90.01108}