{"world":"Survival","x":126.48754186657467,"y":70.0,"z":527.8031838944825,"pitch":22.795559,"yaw":138.18513}