{"world":"Creative","x":-38.02188704623441,"y":120.40760262521931,"z":-63.201670242028186,"pitch":53.54998,"yaw":-246.45123}