{"world":"Survival","x":220.5895507967395,"y":67.0,"z":497.4079133170816,"pitch":10.845843,"yaw":-153.62363}