{"world":"Survival","x":-79.97952194429737,"y":76.0,"z":-89.3704501318412,"pitch":11.60296,"yaw":101.85301}