{"world":"Survival","x":120.16044258197769,"y":70.0,"z":563.4366875841201,"pitch":27.450006,"yaw":181.04988}