{"world":"Survival","x":70.85143044267735,"y":71.61444986823086,"z":682.1186616154814,"pitch":-2.6292584,"yaw":334.22128}