{"world":"Survival","x":189.06689407598287,"y":28.0,"z":-112.71300652190972,"pitch":23.838486,"yaw":-210.83823}