{"world":"Survival","x":122.925632151954,"y":70.0,"z":557.0630798679541,"pitch":15.599973,"yaw":134.40054}