{"world":"Survival","x":133.21925634627428,"y":77.5,"z":539.3796331609109,"pitch":-17.249996,"yaw":37.200047}