{"world":"Survival","x":23402.064547800474,"y":83.0,"z":13565.771028153777,"pitch":11.250041,"yaw":-110.54932}