{"world":"Survival","x":138.70008863383157,"y":63.0,"z":365.0393913708282,"pitch":22.151707,"yaw":182.2854}