{"world":"Survival","x":321.797797716362,"y":67.0,"z":425.94039236108637,"pitch":32.54764,"yaw":-182.11496}