{"world":"Survival","x":96.63491251197425,"y":68.0,"z":647.0082095214742,"pitch":28.8907,"yaw":95.51828}