{"world":"Staff","x":1836.0771512959293,"y":55.0,"z":-743.516713605162,"pitch":12.900006,"yaw":279.30298}