{"world":"Survival","x":123.42560275273746,"y":77.5,"z":549.4595798835633,"pitch":53.250027,"yaw":-181.05013}