{"world":"Survival","x":12039.518897574031,"y":64.0,"z":26124.099373233345,"pitch":23.85,"yaw":10.350131}