{"world":"Survival","x":40146.989205674225,"y":96.75683279632169,"z":8933.487964745504,"pitch":70.19998,"yaw":-91.05182}