{"world":"Survival","x":132.96860003509175,"y":78.65813927255128,"z":542.6077262292863,"pitch":36.75006,"yaw":-259.68195}