{"world":"Survival","x":20993.820346613662,"y":60.0,"z":37838.733926895584,"pitch":-7.3500123,"yaw":-28.042171}