{"world":"Survival","x":40245.01507315848,"y":63.0,"z":8843.622663289687,"pitch":9.300007,"yaw":-52.344116}