{"world":"Survival","x":80.25579164073724,"y":66.0,"z":339.36170024050085,"pitch":63.75001,"yaw":65.36841}