{"world":"Survival","x":-11198.344362593041,"y":75.2452519302287,"z":-2110.1142143586767,"pitch":60.449913,"yaw":-5.8501587}