{"world":"Survival","x":40117.14200971632,"y":67.0,"z":8897.358695466775,"pitch":46.800076,"yaw":-106.79692}