{"world":"Survival","x":40116.84518634121,"y":62.0,"z":8897.226771515028,"pitch":19.350315,"yaw":-172.0473}