{"world":"Survival","x":21.5,"y":76.0,"z":509.5,"pitch":-1.0499601,"yaw":207.86807}