{"world":"Survival","x":40086.29509597569,"y":75.95282410056791,"z":8893.102459389089,"pitch":45.90005,"yaw":-161.84816}