{"world":"Survival","x":-351.8032541418098,"y":84.49001437518125,"z":760.3003305481072,"pitch":49.35003,"yaw":-21.182983}