{"world":"Survival","x":12117.550936304879,"y":77.0,"z":26116.76283696236,"pitch":0.300004,"yaw":4.947689}