{"world":"Survival","x":40226.41382733456,"y":64.01060916074496,"z":8840.349296546392,"pitch":22.950062,"yaw":67.64938}