{"world":"Survival","x":-11259.43351924246,"y":75.0,"z":-2007.721182612436,"pitch":28.949871,"yaw":-295.19983}