{"world":"Survival","x":15832.08241688833,"y":67.0,"z":6939.270642737739,"pitch":23.099972,"yaw":-353.5497}