{"world":"Creative","x":-292.5408381584857,"y":65.75,"z":66.42954708801399,"pitch":2.099985,"yaw":277.80038}