{"world":"Survival","x":13354.65047974435,"y":83.0,"z":24392.118625592866,"pitch":45.750023,"yaw":-219.4514}