{"world":"Survival","x":40121.5,"y":67.0,"z":8889.5,"pitch":24.45008,"yaw":-116.246765}