{"world":"Survival","x":66.636947802903,"y":64.0,"z":352.97016234557793,"pitch":6.300015,"yaw":162.86836}