{"world":"Survival","x":29675.03962435042,"y":73.0,"z":12075.438844485836,"pitch":43.65001,"yaw":-185.85008}