{"world":"Survival","x":40087.06105999301,"y":69.0,"z":8915.043263766429,"pitch":7.8000827,"yaw":-344.39713}