{"world":"Creative","x":-8.286477917343523,"y":66.64207278422441,"z":265.1575853277368,"pitch":0.15007025,"yaw":-110.400696}