{"world":"Creative","x":-339.13742911300307,"y":103.36813653174065,"z":19.24684589313381,"pitch":33.299957,"yaw":-26.398571}