{"world":"Survival","x":123.28513034546538,"y":77.5,"z":542.1232461878863,"pitch":31.949928,"yaw":91.76706}