{"world":"Survival","x":-126.45513119919778,"y":43.200000047683716,"z":18.807957388447466,"pitch":-14.999836,"yaw":144.2638}