{"world":"Survival","x":12801.151960976335,"y":77.0,"z":50146.21582407134,"pitch":13.650053,"yaw":102.08626}