{"world":"Survival","x":21182.5,"y":85.0999984741211,"z":17836.5,"pitch":48.300007,"yaw":-5.0235596}