{"world":"Survival","x":21183.278974401554,"y":86.0,"z":17828.307673595427,"pitch":37.949997,"yaw":169.7268}