{"world":"Survival","x":21182.5,"y":67.0,"z":17811.5,"pitch":26.70003,"yaw":305.02625}