{"world":"Survival","x":21180.8363527609,"y":85.0,"z":17837.256888698295,"pitch":58.950012,"yaw":74.85071}