{"world":"Survival","x":49392.86505374207,"y":90.0,"z":11834.539245988173,"pitch":39.29996,"yaw":165.29968}