{"world":"Survival","x":21185.497556269256,"y":79.5,"z":17819.086323533906,"pitch":17.550007,"yaw":122.24849}