{"world":"Survival","x":21168.270148891163,"y":68.0,"z":17824.066531422486,"pitch":69.450005,"yaw":-357.45145}