{"world":"Survival","x":21207.658812893627,"y":64.0,"z":17392.903205100676,"pitch":10.050024,"yaw":174.6517}