{"world":"Survival","x":21182.0002735313,"y":79.0,"z":17820.488169346052,"pitch":51.000023,"yaw":323.1765}