{"world":"Survival","x":21112.361510345378,"y":68.8500000178814,"z":17808.436455223968,"pitch":16.500002,"yaw":97.51619}