{"world":"Survival","x":21211.801933006096,"y":72.0,"z":17383.07112053163,"pitch":24.14998,"yaw":120.20154}