{"world":"Survival","x":21183.001790527676,"y":86.5,"z":17827.225110917843,"pitch":16.94999,"yaw":183.59906}