{"world":"Survival","x":16333.634398296152,"y":63.0,"z":8428.211088239652,"pitch":43.200012,"yaw":299.0774}