{"world":"Survival","x":247.71271132466788,"y":75.0,"z":337.4450562116347,"pitch":50.40001,"yaw":-19.68222}