{"world":"Survival","x":27926.53410211451,"y":74.24339445581971,"z":42204.53900516546,"pitch":23.85004,"yaw":46.850067}