{"world":"Creative","x":-475.13716097370735,"y":72.99368614721773,"z":177.46497831744014,"pitch":16.649982,"yaw":358.8015}