{"world":"Survival","x":40187.313612456026,"y":89.10734828600296,"z":8867.626427170357,"pitch":-11.699982,"yaw":49.349247}