{"world":"Survival","x":-11295.586903179537,"y":65.0,"z":-2000.3527311031994,"pitch":18.749985,"yaw":91.20025}