{"world":"Creative","x":-387.8350662853299,"y":70.88150366762514,"z":156.65636270658564,"pitch":21.450012,"yaw":126.00049}