{"world":"Survival","x":20975.168988963913,"y":63.0,"z":37858.36379201485,"pitch":20.375263,"yaw":-85.61032}