{"world":"Survival","x":-11356.324156598695,"y":84.13912975299695,"z":-2002.239864842076,"pitch":20.84999,"yaw":51.75067}