{"world":"Survival","x":40132.697999569995,"y":67.31560003972054,"z":8887.699999988079,"pitch":42.899952,"yaw":5.2471924}