{"world":"Creative","x":-355.124366040952,"y":65.0,"z":84.24568405185896,"pitch":-9.299993,"yaw":58.350002}