{"world":"Creative","x":-351.4675593185227,"y":65.0,"z":73.86320216225204,"pitch":-21.749994,"yaw":97.65001}