{"world":"Creative","x":-386.69999998807907,"y":78.20233557780362,"z":151.39484709241088,"pitch":14.100011,"yaw":86.25058}