{"world":"Creative","x":-68.64084639439058,"y":67.0,"z":-66.21669957055364,"pitch":25.050009,"yaw":-29.249996}