{"world":"Creative","x":-397.64399329046245,"y":105.78002816891245,"z":108.21022068674995,"pitch":50.100124,"yaw":274.80093}