{"world":"Survival","x":40210.567715581645,"y":120.52126527387618,"z":8844.600460547545,"pitch":43.35,"yaw":53.999275}