{"world":"Survival","x":40240.17527862764,"y":85.63938088337962,"z":8629.680556421596,"pitch":40.80004,"yaw":-212.2508}