{"world":"Creative","x":-353.5395472810002,"y":82.86230198731135,"z":60.82275633222074,"pitch":22.199995,"yaw":59.25002}