{"world":"Staff","x":1836.4809765111802,"y":55.0,"z":-743.1522756867336,"pitch":34.499985,"yaw":-358.19724}