{"world":"Survival","x":40100.492081459415,"y":67.0,"z":8915.569149631385,"pitch":40.050007,"yaw":-104.55151}