{"world":"Survival","x":-11283.241648740111,"y":95.24313624861858,"z":-2004.9397840749891,"pitch":20.39998,"yaw":75.30029}