{"world":"Survival","x":20970.19227865513,"y":64.0,"z":37859.10107923702,"pitch":-62.57477,"yaw":-112.610466}