{"world":"Survival","x":40185.048403021516,"y":89.10734828600296,"z":8872.528597805074,"pitch":25.20002,"yaw":23.849247}