{"world":"Creative","x":117.1528846325095,"y":65.0,"z":89.6351270054579,"pitch":14.776109,"yaw":-182.30649}