{"world":"Survival","x":28673.11780779927,"y":72.875,"z":16106.234739389503,"pitch":25.650078,"yaw":98.097885}