{"world":"Survival","x":28674.726534176658,"y":71.0,"z":16107.00393974864,"pitch":34.200073,"yaw":76.64789}