{"world":"Survival","x":128.27428682697177,"y":74.71589434553873,"z":535.2261109926347,"pitch":59.13596,"yaw":-193.27808}