{"world":"Survival","x":151.57766848096418,"y":69.0,"z":668.1312013501985,"pitch":20.321997,"yaw":218.45331}