{"world":"Survival","x":14941.803245992283,"y":17.252203340253722,"z":37676.15362210669,"pitch":5.700005,"yaw":-145.42366}