{"world":"Creative","x":-39.55754484356395,"y":65.0,"z":18.770469697538246,"pitch":5.4000573,"yaw":-42.60196}