{"world":"Creative","x":-65.30000001192091,"y":68.36853885578536,"z":-50.40040615071817,"pitch":13.949933,"yaw":255.4496}