{"world":"Creative","x":-34.77723506051406,"y":76.6183020148442,"z":49.69999998807907,"pitch":19.8,"yaw":93.90372}