{"world":"Creative","x":-103.2743529555469,"y":75.62568547534231,"z":-324.7312393210547,"pitch":28.949974,"yaw":-166.2008}