{"world":"Survival","x":92.0794819295125,"y":71.0,"z":520.5616259795449,"pitch":7.8000937,"yaw":70.018005}