{"world":"Creative","x":-75.52252155901311,"y":75.98207606670546,"z":55.45845844320622,"pitch":34.79986,"yaw":-68.55234}