{"world":"Creative","x":-37.36812385308552,"y":75.55890553468969,"z":46.30000001192093,"pitch":47.8502,"yaw":-145.19598}