{"world":"Creative","x":-36.126324346817114,"y":73.5,"z":48.47652463129777,"pitch":27.75007,"yaw":-270.89917}