{"world":"Creative","x":-125.57010052174977,"y":65.0,"z":2.618551773428203,"pitch":-19.950026,"yaw":-203.6994}