{"world":"Survival","x":97.30173696655987,"y":343.9407008989002,"z":624.1368807366331,"pitch":77.4,"yaw":-215.2048}