{"world":"Survival","x":37745.27893657031,"y":63.166109260938214,"z":40345.067335463915,"pitch":39.299988,"yaw":-256.80197}