{"world":"Creative","x":-203.28222896416878,"y":98.99466608740346,"z":203.6116042982067,"pitch":-20.849092,"yaw":336.90268}