{"world":"Creative","x":-68.14900847943407,"y":65.0,"z":-126.51396381880716,"pitch":13.650008,"yaw":-354.0}