{"world":"Survival","x":17310.086589887494,"y":138.13522830422934,"z":36417.74433645213,"pitch":41.849945,"yaw":-170.10101}