{"world":"Survival","x":118.46134126046358,"y":74.03111950010631,"z":562.6999999880791,"pitch":19.199986,"yaw":-112.37867}