{"world":"Survival","x":88.82676315347202,"y":76.89194458227085,"z":537.2235021410212,"pitch":8.099945,"yaw":134.22125}