{"world":"Survival","x":118.79117157015509,"y":70.0,"z":554.492819984616,"pitch":7.6499705,"yaw":-30.18155}