{"world":"Survival","x":252.9168521656208,"y":75.34628304571689,"z":399.8648952649828,"pitch":42.150326,"yaw":-313.85214}