{"world":"Survival","x":12744.136448467561,"y":74.0,"z":6049.592611544046,"pitch":17.24994,"yaw":-5.845276}