{"world":"Survival","x":203.8746752818423,"y":64.0,"z":538.935147854682,"pitch":76.19998,"yaw":-346.40143}