{"world":"Survival","x":130.40515162948915,"y":78.8681430633933,"z":546.902057049257,"pitch":14.850055,"yaw":-142.20016}