{"world":"Survival","x":30818.101319862904,"y":66.0,"z":35984.30000001192,"pitch":15.436308,"yaw":185.83362}