{"world":"Survival","x":30685.657038136498,"y":65.20000004768372,"z":35977.804701160436,"pitch":15.900316,"yaw":252.36053}