{"world":"Survival","x":130.40515162948915,"y":78.8681430633933,"z":546.902057049257,"pitch":20.550055,"yaw":-98.85016}