{"world":"Survival","x":136.7900928585226,"y":68.0,"z":646.6478626292499,"pitch":20.249975,"yaw":-70.53521}