{"world":"Survival","x":117.43038416136584,"y":85.78044894046722,"z":741.6801078535883,"pitch":45.30007,"yaw":129.56691}