{"world":"Creative","x":-65.05586812196056,"y":83.6946065882401,"z":-76.36021411496637,"pitch":44.09973,"yaw":204.89996}