{"world":"Survival","x":47915.031718955375,"y":79.11774635379662,"z":11965.57972968862,"pitch":37.500008,"yaw":-140.8299}