{"world":"Survival","x":202.44750628675783,"y":63.5,"z":375.8210296349655,"pitch":15.724071,"yaw":-38.30722}