{"world":"Survival","x":36.38681128926434,"y":73.97767292749734,"z":687.9866638238378,"pitch":16.194025,"yaw":-0.042275883}