{"world":"Survival","x":132.69999998807907,"y":75.49035162216684,"z":538.6999999880791,"pitch":-2.5500083,"yaw":-13.528259}