{"world":"Survival","x":98.23060535485898,"y":84.86166759683509,"z":552.0661634482549,"pitch":18.600063,"yaw":-93.15031}