{"world":"Survival","x":104.65121640584681,"y":90.87861258548057,"z":656.323793886872,"pitch":54.600006,"yaw":-321.70346}