{"world":"Survival","x":135.38425681963395,"y":90.48064278949316,"z":570.0173604922323,"pitch":33.599995,"yaw":-209.87552}