{"world":"Survival","x":119.45062668471127,"y":86.0,"z":531.3287274190927,"pitch":88.499985,"yaw":-1.1025391}