{"world":"Survival","x":135.46956838156362,"y":75.82622073154275,"z":551.1634689394217,"pitch":14.400037,"yaw":10.199414}