{"world":"Survival","x":47963.37069104075,"y":68.16610926093821,"z":12075.649481768462,"pitch":26.100077,"yaw":-141.71188}