{"world":"Survival","x":121.77193004388248,"y":79.95583007630037,"z":537.3000000119209,"pitch":38.250057,"yaw":-52.68192}