{"world":"Survival","x":30752.329905505372,"y":69.0,"z":35981.822122271056,"pitch":-13.513632,"yaw":-150.21729}