{"world":"Survival","x":150.60616795061497,"y":87.26321933543882,"z":567.5502426206072,"pitch":26.850006,"yaw":-226.37842}