{"world":"Survival","x":127.28234742362761,"y":70.0,"z":559.0448105688215,"pitch":4.7999897,"yaw":-18.750053}