{"world":"Survival","x":12755.82385807025,"y":71.0,"z":6080.5312977509675,"pitch":13.199994,"yaw":-20.394684}