{"world":"Creative","x":-235.84980468784377,"y":88.83781147652508,"z":221.68099761444452,"pitch":29.40091,"yaw":-196.4746}