{"world":"Survival","x":92.64612713396188,"y":72.1163304992711,"z":552.6935499682152,"pitch":20.250067,"yaw":-307.38177}