{"world":"Survival","x":112.75563904572016,"y":70.0,"z":549.3184695987045,"pitch":29.099964,"yaw":-49.53305}