{"world":"Survival","x":37745.27893657031,"y":70.0,"z":40345.067335463915,"pitch":25.649986,"yaw":-238.352}