{"world":"Survival","x":128.82849819025222,"y":71.77758707240636,"z":556.5292452722415,"pitch":32.850056,"yaw":-119.88197}