{"world":"Survival","x":37731.71042521262,"y":67.1090547294065,"z":40344.488259674894,"pitch":-22.680153,"yaw":10.781278}