{"world":"Survival","x":12718.708550040097,"y":69.0,"z":6063.118078439087,"pitch":-8.550005,"yaw":147.90475}