{"world":"Survival","x":132.52563746701077,"y":81.91343245268907,"z":587.470351547971,"pitch":31.80006,"yaw":-188.73274}