{"world":"Creative","x":-231.84099987167858,"y":93.24601042517763,"z":179.9891019318462,"pitch":53.249977,"yaw":28.336119}