{"world":"Survival","x":120.51933968069577,"y":73.0,"z":541.1789095198762,"pitch":8.249956,"yaw":-256.53162}