{"world":"Creative","x":-240.4729981466598,"y":83.9754580773587,"z":236.85945381144347,"pitch":19.65091,"yaw":-46.624622}