{"world":"Survival","x":147.71942162669515,"y":70.0,"z":548.2073796073821,"pitch":17.850016,"yaw":269.54993}