{"world":"Survival","x":48017.92602414107,"y":72.3475705727527,"z":11903.841851239253,"pitch":20.249962,"yaw":57.73974}