{"world":"Staff","x":1836.5667975380836,"y":56.91694667718655,"z":-741.8891539314382,"pitch":2.8777575,"yaw":1.2357911}