{"world":"Survival","x":38984.710167828955,"y":95.60531490754863,"z":22275.047661804372,"pitch":-5.6490397,"yaw":-126.97888}