{"world":"Survival","x":129.91410409427226,"y":95.83306869260039,"z":557.082738730606,"pitch":33.0,"yaw":194.23502}