{"world":"Survival","x":130.3098955109,"y":88.23078704039007,"z":564.3239126687548,"pitch":41.400055,"yaw":-113.25}