{"world":"Survival","x":131.7126017635438,"y":75.49977598919051,"z":560.9326844073618,"pitch":46.650005,"yaw":-145.34998}