{"world":"Survival","x":131.4921143972906,"y":76.0,"z":543.7689254386142,"pitch":8.100083,"yaw":-352.6811}