{"world":"Survival","x":124.76096855065991,"y":73.66942999277295,"z":582.4079355124609,"pitch":12.150074,"yaw":-0.03253174}