{"world":"Survival","x":202.44750628675783,"y":63.5,"z":375.8210296349655,"pitch":46.474075,"yaw":-359.30725}