{"world":"Survival","x":20987.56918268068,"y":102.06691324017565,"z":37835.036237788845,"pitch":51.000015,"yaw":341.85767}