{"world":"Survival","x":120.33359047446318,"y":79.20000004768372,"z":551.6069830187392,"pitch":26.850018,"yaw":-121.23214}