{"world":"Survival","x":210.02180573196955,"y":92.59874667680612,"z":379.9928135026231,"pitch":16.324003,"yaw":-219.50732}