{"world":"Survival","x":131.0574810264157,"y":83.30611683157251,"z":524.6999999880791,"pitch":7.6500278,"yaw":-351.92688}