{"world":"Survival","x":201.01007307998492,"y":70.23601245434931,"z":530.6254633319103,"pitch":24.600006,"yaw":-105.03137}