{"world":"Survival","x":154.62350269536,"y":91.09637633286476,"z":515.5280789713706,"pitch":36.600018,"yaw":-318.92844}