{"world":"Survival","x":157.60557364122548,"y":91.09637633286476,"z":525.2897451093997,"pitch":35.550045,"yaw":-162.62813}