{"world":"Survival","x":124.64950047619307,"y":70.0,"z":523.465995829168,"pitch":23.099934,"yaw":-36.903076}