{"world":"Survival","x":12685.050298571621,"y":57.0,"z":6084.681591889785,"pitch":-21.00023,"yaw":-257.6538}