{"world":"Survival","x":47937.77202686577,"y":63.0,"z":12102.652620996136,"pitch":11.250112,"yaw":-208.94325}