{"world":"Survival","x":126.92566109984266,"y":79.24294643847169,"z":544.2306292797249,"pitch":34.950012,"yaw":92.818115}