{"world":"Survival","x":178.82366484660236,"y":76.12276074750915,"z":544.381428228672,"pitch":-2.70002,"yaw":-302.7283}