{"world":"Survival","x":125.1845808397607,"y":88.0,"z":618.6489140986697,"pitch":9.150038,"yaw":-119.063995}