{"world":"Survival","x":112.32325245452279,"y":70.5,"z":544.4833304905902,"pitch":61.199966,"yaw":-5.4294434}