{"world":"Survival","x":129.6171623562325,"y":76.0,"z":545.5574009149549,"pitch":24.000057,"yaw":115.95008}