{"world":"Survival","x":173.98521323275628,"y":75.56977324374625,"z":641.3503598225251,"pitch":47.550106,"yaw":-155.43091}