{"world":"Survival","x":127.56920217117417,"y":77.74264620691062,"z":544.491290730657,"pitch":28.800014,"yaw":146.1}