{"world":"Staff","x":1840.640775570106,"y":55.0,"z":-743.7897116613145,"pitch":24.899996,"yaw":256.84598}