{"world":"Survival","x":116.3538039559548,"y":73.47363501890352,"z":557.1412804077153,"pitch":15.600015,"yaw":131.25027}