{"world":"Survival","x":125.69931051930521,"y":73.66942999277295,"z":586.6095924608856,"pitch":22.350073,"yaw":-208.83252}