{"world":"Survival","x":167.4169284342158,"y":111.83849300826557,"z":340.2853898266318,"pitch":22.050564,"yaw":-190.39966}