{"world":"Survival","x":12654.050807058746,"y":15.0,"z":6030.66792465336,"pitch":17.1005,"yaw":-268.79803}