{"world":"Survival","x":117.69461103149214,"y":70.0,"z":555.9954916592857,"pitch":27.150043,"yaw":56.068108}