{"world":"Survival","x":104.19546289472522,"y":84.95758748129744,"z":563.7223540564764,"pitch":23.099907,"yaw":-31.530579}