{"world":"Creative","x":-113.69476148083059,"y":91.53239406341592,"z":-255.21464863691278,"pitch":48.899933,"yaw":349.8068}