{"world":"Survival","x":13327.365692622294,"y":61.11236146949457,"z":24550.458759636287,"pitch":-17.39991,"yaw":-191.7018}