{"world":"Survival","x":100.44146865025273,"y":75.99263366460191,"z":734.4995197794806,"pitch":15.450072,"yaw":112.91684}