{"world":"Staff","x":1838.300000011921,"y":54.0,"z":-735.6999999880791,"pitch":16.2,"yaw":131.1029}