{"world":"Survival","x":47998.62310382699,"y":62.99,"z":12093.859149475928,"pitch":20.099861,"yaw":-197.8097}