{"world":"Survival","x":218.59178749798832,"y":117.9131831216076,"z":376.3059041950722,"pitch":35.374233,"yaw":-172.40765}