{"world":"Survival","x":153.30521810997766,"y":84.37590300396636,"z":518.6348494707543,"pitch":68.399994,"yaw":-278.45264}