{"world":"Survival","x":132.32724549259655,"y":86.24436845542239,"z":548.1852215563429,"pitch":28.2,"yaw":-94.70203}