{"world":"Survival","x":127.14815133881218,"y":75.03821688705847,"z":558.7305124947363,"pitch":16.837776,"yaw":-134.99146}