{"world":"Survival","x":12738.58981893813,"y":76.3652597695886,"z":6072.651922718612,"pitch":21.450356,"yaw":-209.09384}