{"world":"Survival","x":158.80178791373027,"y":69.0,"z":547.0407971091004,"pitch":39.45,"yaw":-272.0016}