{"world":"Survival","x":12471.785518218112,"y":97.71505846708754,"z":6043.581028634137,"pitch":14.099879,"yaw":-84.14523}