{"world":"Survival","x":21207.833914801282,"y":69.0,"z":17805.58556703898,"pitch":24.599855,"yaw":-192.06792}