{"world":"Staff","x":1836.9221361675095,"y":55.0,"z":-733.5612149468681,"pitch":-3.0000055,"yaw":153.30298}