{"world":"Survival","x":131.80588102754353,"y":75.86840619526689,"z":557.3519134357701,"pitch":26.550062,"yaw":-189.78087}