{"world":"Survival","x":112.75563904572016,"y":70.0,"z":549.3184695987045,"pitch":32.39995,"yaw":-271.38318}