{"world":"Survival","x":93.98612898193755,"y":94.30503973662564,"z":662.6184735781334,"pitch":38.100044,"yaw":-156.48116}