{"world":"Survival","x":135.28582200777225,"y":74.11758533442504,"z":555.3596061651913,"pitch":16.672956,"yaw":-270.01874}