{"world":"Creative","x":-32.91506246159902,"y":70.18485886454324,"z":-86.08784767891969,"pitch":31.500061,"yaw":102.26697}