{"world":"Survival","x":132.5368911401625,"y":68.0,"z":637.5091942829298,"pitch":20.40001,"yaw":-246.33517}