{"world":"Survival","x":47986.724010081365,"y":62.99,"z":12124.906393321484,"pitch":24.449862,"yaw":-70.30956}