{"world":"Survival","x":159.22121400271732,"y":74.03264306031436,"z":547.1479767573552,"pitch":16.050005,"yaw":-94.680725}