{"world":"Survival","x":30897.625907731166,"y":83.76400212777592,"z":37932.430550250065,"pitch":35.999928,"yaw":-251.9522}