{"world":"Survival","x":115.84539496323836,"y":79.19036516134749,"z":535.6213186895702,"pitch":43.50004,"yaw":-72.176575}