{"world":"Survival","x":114.55044801138955,"y":74.37438502428473,"z":554.212968944435,"pitch":21.300072,"yaw":-29.580835}