{"world":"Survival","x":128.5,"y":76.0,"z":544.5,"pitch":29.700018,"yaw":118.35001}