{"world":"Creative","x":-236.14161318354073,"y":91.08155577802628,"z":200.02707592787482,"pitch":35.700928,"yaw":-127.474724}