{"world":"Survival","x":187.82057221478172,"y":72.75144052173367,"z":539.633315097828,"pitch":69.45004,"yaw":-15.332085}