{"world":"Survival","x":118.78558519148974,"y":73.5,"z":549.0505766437205,"pitch":47.550022,"yaw":62.817863}