{"world":"Survival","x":173.7336773037465,"y":72.11643448378688,"z":541.2888132430709,"pitch":33.0,"yaw":-115.98132}