{"world":"Survival","x":37753.79389453992,"y":70.0,"z":40326.80257975343,"pitch":0.0,"yaw":-191.2605}