{"world":"Creative","x":-26.77564957378997,"y":75.63941571579733,"z":44.056384614471035,"pitch":10.500016,"yaw":-170.39996}