{"world":"Survival","x":-4.256561817909419,"y":76.5835713701808,"z":627.2014627662265,"pitch":30.894014,"yaw":-359.74222}