{"world":"Survival","x":139.30000001192093,"y":71.0,"z":543.1435219494681,"pitch":1.6500013,"yaw":-85.499725}