{"world":"Survival","x":37748.712509069985,"y":70.0,"z":40335.35689783183,"pitch":23.669868,"yaw":-90.46875}