{"world":"Survival","x":148.30000001192093,"y":82.31712720995482,"z":562.4199646555652,"pitch":14.400084,"yaw":-300.6314}