{"world":"Survival","x":134.7263674851795,"y":80.15473176351254,"z":802.7337558229833,"pitch":32.55003,"yaw":-89.277954}