{"world":"Survival","x":141.58490355791156,"y":76.20000004768372,"z":544.4472297730024,"pitch":32.122967,"yaw":38.83117}