{"world":"Survival","x":100.21535386586402,"y":84.86166759683509,"z":541.101256510337,"pitch":29.100063,"yaw":-214.50037}