{"world":"Survival","x":91.48749648604564,"y":72.15473176351254,"z":542.0634907639866,"pitch":10.349991,"yaw":91.62131}