{"world":"Survival","x":119.33705345522269,"y":76.20000004768372,"z":532.8403414445647,"pitch":-2.1000364,"yaw":195.4375}