{"world":"Creative","x":-129.97215718872337,"y":72.9937012028347,"z":138.28044662095118,"pitch":36.749863,"yaw":-76.773315}