{"world":"Survival","x":12658.772222496542,"y":11.0,"z":6018.435848312096,"pitch":7.468286,"yaw":92.78665}