{"world":"Survival","x":145.298119611353,"y":75.82622073154275,"z":548.7684403343087,"pitch":25.950043,"yaw":113.24946}