{"world":"Staff","x":1836.5667975380836,"y":56.91694667718655,"z":-741.9063760020529,"pitch":15.777758,"yaw":-0.564209}