{"world":"Survival","x":127.57155774462676,"y":80.88084969785636,"z":545.3000000119209,"pitch":60.6001,"yaw":-105.631714}