{"world":"Survival","x":12746.614452694126,"y":71.0,"z":6040.711105366883,"pitch":81.59999,"yaw":67.6608}