{"world":"Survival","x":142.79972075262393,"y":70.0,"z":547.0892632974002,"pitch":10.200061,"yaw":-190.98198}