{"world":"Survival","x":152.55443184739266,"y":70.0,"z":544.294185217764,"pitch":7.050005,"yaw":-93.78131}