{"world":"Creative","x":-72.66690300736602,"y":88.49245903705919,"z":-73.49098687145957,"pitch":58.95001,"yaw":316.05017}