{"world":"Survival","x":11151.591234902895,"y":92.36873953393848,"z":8583.199781187825,"pitch":34.919136,"yaw":-101.85076}