{"world":"Survival","x":154.62350269536,"y":91.09637633286476,"z":515.5280789713706,"pitch":34.050026,"yaw":-325.0783}