{"world":"Survival","x":37731.4697375721,"y":69.41999998688698,"z":40325.30000001192,"pitch":21.419863,"yaw":-181.06883}