{"world":"Creative","x":80.20614341063803,"y":68.27268487525512,"z":31.68051477375583,"pitch":41.400146,"yaw":-92.54765}