{"world":"Survival","x":13332.55923273975,"y":88.1136498725277,"z":24541.01874843659,"pitch":56.850147,"yaw":-28.95166}