{"world":"Survival","x":164.2491043514496,"y":76.12276074750915,"z":542.4961083670654,"pitch":22.049976,"yaw":-293.12848}