{"world":"Survival","x":17.886328465512406,"y":68.0,"z":546.4634955811849,"pitch":8.250003,"yaw":-94.22809}