{"world":"Survival","x":149.90782766160086,"y":70.0,"z":547.7117061133562,"pitch":22.83775,"yaw":-355.94165}