{"world":"Creative","x":-144.26786565905056,"y":77.48236403533508,"z":116.07768227261224,"pitch":29.699831,"yaw":104.42664}