{"world":"Survival","x":95.5307108495323,"y":69.0,"z":588.4870739573945,"pitch":10.649962,"yaw":-92.730225}