{"world":"Survival","x":12742.317408443052,"y":69.0,"z":6049.952350947835,"pitch":12.449961,"yaw":10.35442}