{"world":"Survival","x":48006.621567962124,"y":68.0,"z":11904.327315225277,"pitch":2.2499886,"yaw":-114.160675}