{"world":"Survival","x":144.5,"y":72.00029778989466,"z":544.5,"pitch":31.199987,"yaw":-150.82991}