{"world":"Creative","x":-108.96152310090989,"y":85.5227353101311,"z":28.863252466434005,"pitch":29.1001,"yaw":-322.83368}