{"world":"Creative","x":-67.5,"y":65.0,"z":-132.5,"pitch":7.4999986,"yaw":15.299999}