{"world":"Survival","x":153.30521810997766,"y":84.37590300396636,"z":518.6348494707543,"pitch":58.050007,"yaw":-281.0026}