{"world":"Survival","x":12744.92073267042,"y":69.0,"z":6049.727345485085,"pitch":17.249996,"yaw":295.35876}