{"world":"Survival","x":124.7461804705871,"y":70.0,"z":525.0116017525028,"pitch":23.399937,"yaw":-3.4530716}