{"world":"Staff","x":1831.8857815373012,"y":59.200000047683716,"z":-747.315537970678,"pitch":40.79994,"yaw":319.05933}