{"world":"Creative","x":-338.50350553746483,"y":103.43271413266866,"z":154.3434266068794,"pitch":35.250015,"yaw":-107.56398}