{"world":"Creative","x":-35.922839792785275,"y":85.55081500344915,"z":-120.06909405397784,"pitch":19.20008,"yaw":304.61722}