{"world":"Survival","x":136.69999998807907,"y":78.46364428282902,"z":549.5754990538079,"pitch":22.949978,"yaw":-117.30011}