{"world":"Creative","x":-81.56708484390157,"y":78.42737975212442,"z":-72.53143992285916,"pitch":41.250076,"yaw":59.216866}