{"world":"Survival","x":113.12417560499385,"y":75.54601800031372,"z":542.3739550549083,"pitch":17.999985,"yaw":-163.22974}