{"world":"Survival","x":144.76166966358605,"y":70.0,"z":547.8915543316899,"pitch":18.900015,"yaw":75.89992}