{"world":"Survival","x":135.28582200777225,"y":74.11758533442504,"z":555.3596061651913,"pitch":62.422962,"yaw":-264.76877}