{"world":"Survival","x":47902.588922588104,"y":81.362252579859,"z":11973.216343958002,"pitch":70.64996,"yaw":-303.1296}