{"world":"Survival","x":106.37997894158784,"y":73.2935599884269,"z":555.3981426084102,"pitch":25.650143,"yaw":134.98804}