{"world":"Survival","x":47932.57301395664,"y":72.16610926093821,"z":12069.819100780449,"pitch":47.849926,"yaw":-180.86008}