{"world":"Survival","x":93.7152481884777,"y":72.77259255669128,"z":540.2612006976269,"pitch":8.549968,"yaw":92.67121}