{"world":"Survival","x":223.0944414030745,"y":96.34717436546609,"z":338.34525167228344,"pitch":35.074245,"yaw":-73.10718}