{"world":"Survival","x":47963.131709133384,"y":73.25220334025373,"z":11938.486493663602,"pitch":22.949986,"yaw":-62.846256}