{"world":"Survival","x":17702.618951932796,"y":157.7582078960736,"z":28516.320158438128,"pitch":78.79543,"yaw":-334.30078}