{"world":"Survival","x":48059.68436409819,"y":39.0,"z":11898.436533217206,"pitch":18.000029,"yaw":84.753914}