{"world":"Creative","x":-34.82846267834267,"y":70.18485886454324,"z":-85.14231331735937,"pitch":30.60006,"yaw":22.316881}