{"world":"Creative","x":-67.33114476853312,"y":65.0,"z":-140.85538913566336,"pitch":35.399998,"yaw":-242.84995}