{"world":"Survival","x":12751.332868281119,"y":69.0,"z":6044.761382845683,"pitch":14.850047,"yaw":5.860752}