{"world":"Survival","x":131.49556880127892,"y":76.0,"z":548.2456939468975,"pitch":13.6500435,"yaw":271.17163}