{"world":"Survival","x":128.61921405380596,"y":75.06027038402462,"z":535.2477070758899,"pitch":35.99997,"yaw":-222.1499}