{"world":"Staff","x":1836.6171990167004,"y":56.097453613990076,"z":-742.4845015631819,"pitch":23.727762,"yaw":-177.86407}