{"world":"Survival","x":47913.33456696681,"y":65.0,"z":12030.99673109137,"pitch":27.00017,"yaw":-306.74243}