{"world":"Survival","x":38976.4784398361,"y":94.08955209857265,"z":22204.522177633266,"pitch":3.149994,"yaw":-190.87933}