{"world":"Survival","x":143.4462300272932,"y":68.74081652354744,"z":350.08247306246363,"pitch":24.300386,"yaw":124.523994}