{"world":"Survival","x":-4.256561817909419,"y":75.8401378807976,"z":627.2014627662265,"pitch":30.894014,"yaw":-359.74222}