{"world":"Survival","x":47915.031718955375,"y":79.11774635379662,"z":11965.57972968862,"pitch":31.350006,"yaw":-97.02991}