{"world":"Survival","x":104.65121640584681,"y":90.87861258548057,"z":656.323793886872,"pitch":-90.0,"yaw":-148.90363}