{"world":"Survival","x":21207.833914801282,"y":69.0,"z":17805.58556703898,"pitch":18.749863,"yaw":-185.31781}