{"world":"Survival","x":112.86489340949947,"y":75.44914777246986,"z":549.4150077999652,"pitch":12.300049,"yaw":186.0}