{"world":"Survival","x":112.75563904572016,"y":70.0,"z":549.3184695987045,"pitch":27.449968,"yaw":-49.833054}