{"world":"Survival","x":152.2538437722987,"y":91.09637633286476,"z":520.9104084244497,"pitch":28.35002,"yaw":-329.57822}