{"world":"Survival","x":35549.12256499793,"y":71.9375,"z":32946.12891998981,"pitch":18.149946,"yaw":277.35022}