{"world":"Creative","x":-236.14161318354073,"y":91.08155577802628,"z":200.02707592787482,"pitch":34.650917,"yaw":-144.27473}