{"world":"Survival","x":147.94706318401307,"y":70.0,"z":547.9672679870328,"pitch":8.400006,"yaw":-94.680725}