{"world":"Survival","x":47995.95835839825,"y":62.99,"z":12107.328337767321,"pitch":13.349868,"yaw":14.890423}