{"world":"Survival","x":12685.535324588538,"y":15.0,"z":6028.699999988079,"pitch":-8.7,"yaw":352.95056}