{"world":"Survival","x":136.7900928585226,"y":68.0,"z":646.6478626292499,"pitch":23.249979,"yaw":-162.03514}