{"world":"Survival","x":135.88956698513897,"y":70.0,"z":555.3343764020699,"pitch":15.749992,"yaw":-330.7574}