{"world":"Survival","x":192.7143442757446,"y":68.0,"z":288.2043545008904,"pitch":22.694357,"yaw":56.183167}