{"world":"Survival","x":245.62884702855757,"y":78.03197885117036,"z":492.50575766505824,"pitch":61.86041,"yaw":-85.34637}