{"world":"Staff","x":1835.5961407490693,"y":55.74349290910651,"z":-739.6551814484512,"pitch":22.606106,"yaw":-7.3313293}