{"world":"Survival","x":122.12020300024713,"y":101.13268870023477,"z":542.5660276468288,"pitch":42.29986,"yaw":1.1733398}