{"world":"Survival","x":133.3539434355551,"y":80.15473176351254,"z":801.1181077156134,"pitch":33.750015,"yaw":-102.62797}