{"world":"Survival","x":141.25305416467415,"y":87.93177824687466,"z":540.6253271116748,"pitch":21.300058,"yaw":-105.63196}