{"world":"Creative","x":-59.370966791937455,"y":73.60179283230578,"z":-89.29167017493984,"pitch":25.949993,"yaw":-226.05006}